user_name,agree_num,comments_num,answer_content,post_time
青莲长歌,​赞同 9.5K,"​1,126 条评论",作为研发实验室的一员，对大家关心的几个问题做一个梳理和回答。这个疫苗是什么？有什么用？HPV疫苗又称为宫颈癌疫苗。因为宫颈癌大部分（＞95%）由HPV感染导致。因此，通过注射疫苗来产生抗体，进一步防止HPV感染，可以有效防止HPV感染引起的宫颈癌。这也是目前最为主流的、受到充分论证的消灭宫颈癌的主要方法。这个2价4价9价是什么意思？HPV病毒目前已知的有约200种亚型。但导致宫颈癌的主要为其中的14种。而这14种病毒亚型中，16/18两种感染引起的宫颈癌占了80%以上。疫苗的价数指的是这支疫苗能够预防的病毒亚型数量。2价就是两种（16/18），4价和9价分别就是4种和9种。理论上而言，价数越高，可以预防的病毒亚型越多，对于宫颈癌的保护性越好。现在都有9价了，2价太落后了没有价值。如上一点所说，2价已经可以预防80%以上的HPV导致的宫颈癌了，因此实现的是“雪中送炭”。而后续的往上叠加的，都属于锦上添花，实质性的提升并不大。尤其对于中国人群而言，2价疫苗甚至可以覆盖90%的宫颈癌风险。我们自己的疫苗技术都不行么？这支疫苗由厦门大学国家传染病诊断试剂与疫苗工程技术中心研发，由养生堂旗下的万泰生物承接产业化。这个疫苗项目在02年立项，20年上市，中间18年的研发工作，凝聚了数代研究生的心血。疫苗的核心技术由实验室自主研发，目前在国际上处于领先地位。有多领先呢？同样是这个研发及生产组合，另一个产品是全球首支戊肝疫苗“益可宁”。而同样是这个实验室，目前掌握了全球唯一新一代HPV疫苗的核心生产工艺，这个项目现在和GSK正在进行合作研发。这是一个什么样的实验室？24小时实验室都有人在做实验，标准工作时长13小时/天，一周6天。所有节假日几乎全部没有。实验室主任，项目主持人，厦门大学公共卫生学院院长，夏宁邵教授经常说的一句话就是，做我们这一行的，还是要有情怀的。虽然挺头秃的，但实验室氛围和成果还是挺让人开心的。安全性如何？光临床实验就做了十年。这支苗主要的服务对象是谁？如果不介意接种+路费花个上万，不介意排队或者黄牛加价，那去港澳台地区或者其他国家打9价苗是个目前很好的选择。但是我国还有数亿的中低收入妇女，你让她们花上万打一个疫苗这显然是不可能。因此，国产2价的主要服务人群就是这些妇女同胞。研发领头人之一曾经在一个讲座上说过，我们的目标就是服务我们国家大部分的妇女同胞，而不是让它只能成为少数人的专享。我是男生我能打么？男生打了也是对伴侣的一种保护，有这个想法的男生都是珍宝，小姐姐们快关注。以前的话因为价格高、产量低，所以不可能给男生打。以后我们自己的苗出来了，产量会非常大，因此在未来男生也可以打，没有问题，但是还需要在男性群体中补做临床试验并证明有效。-意思一下的分割线-看了下大家的提问，发现几个之前没考虑到的问题。国产的二价什么时候能打？现在已经在厂房里生产了。预计是5月份就可以在各社区医院见到了。2020预计产能在800万。男生这次能不能打？不能不能不能。重要的事情说三遍。一定要先满足小姐姐们的需求。45岁以后能不能打？不能。以后产能更大了或许可以。但短期内不行。会有国产的9价么？国产9价二期已经做完了。三期临床正在筹备。同时，为了满足“价数越高效果越好老子就是不差钱”的需求，我们还有20价。进口9价卡年龄的原因是什么？国产的会卡么？首先要明确，HPV是通过性接触传播的一种病毒。所以最理想的接种效果是在第一次性行为前。我国26，美国十多这个年龄限制，就是基于此卡出来的。而默沙东的生产工艺昂贵而且效率低，很难满足全球的疫苗需求。所以为了保证有限的疫苗获得最大的接种收益，对于年龄的限制就会比较严格。而我们的疫苗工艺成本低，生产效率高，可以预计的产能绝对比他们的大，所以未来可能会适当放宽年龄限制。这个是仿制的还是完全自主研究的？完完全全自主研究的。副作用大么？打针还是挺疼的… 最后转一个人民网的新闻国产第一支宫颈癌疫苗正式生产！9—14岁只需要接种两针​society.people.com.cn,编辑于 14:50
张四月,​赞同 796,​188 条评论,"女性福音！重大利好！<img src=""https://pic1.zhimg.com/50/v2-a54af2805bdcf2f202e8b462303fb13d_hd.gif"" data-caption="""" data-size=""normal"" data-rawwidth=""513"" data-rawheight=""308"" data-thumbnail=""https://pic1.zhimg.com/50/v2-a54af2805bdcf2f202e8b462303fb13d_hd.jpg"" class=""origin_image zh-lightbox-thumb"" width=""513"" data-original=""https://pic1.zhimg.com/v2-a54af2805bdcf2f202e8b462303fb13d_r.jpg""/>HPV与宫颈癌据统计，在全球范围内，平均每分钟即检查出一例宫颈癌新发病例，每两分钟就有一名女性死于宫颈癌。 中国每年约有13万宫颈癌新发病例，占世界宫颈癌新发病例总数的28%。 宫颈癌已经成为中国15岁至44岁女性继乳腺癌后第二大女性致死性癌症。 90%以上的宫颈癌是由HPV病毒感染引起的。 目前，接种宫颈癌疫苗（HPV疫苗）是减少患上宫颈癌风险的最有效的方法。 所以说宫颈癌是一种病因明确（HPV感染）并且可以预防的癌症（HPV疫苗） 什么是HPV病毒？HPV（Human Papilloma Virus）全名叫人乳头瘤病毒，是一个拥有100多种型号的家族。分为高危型和低危型。▼ 高危型：16、18、31、33、35、39、45、51、52、56、58、59和68型▼ 低危型：6、11、40、42、43、44、53、54、61、72、73和81型高危型主要与宫颈癌相关，低危型和生殖器疣相关。几乎所有的宫颈癌都是高危型HPV病毒的持续性感染导致的。其中16、18型导致了大约70%的宫颈癌。HPV的感染途径包括性传播（主要）、密切接触和间接接触感染。 90%以上的女性一生中都会感染HPV病毒，就跟感冒一样普遍。而绝大部分的HPV感染都会通过机体自身的抵抗力被清除。一般只有在HPV持续性感染，以及有以下高危因素的情况下，才容易导致宫颈癌的发生：过早的性行为（21岁之前）；过多的性伴侣or有高危风险的性伴侣；吸烟、有过人工流产史、自身免疫力低下等等。 要预防HPV感染，除了避免以上的高危因素，接种HPV疫苗是最有效的方式。而HPV疫苗在暴露于HPV病毒之前进行接种最有效。也就是说，未进行过性生活的人接种疫苗是最有效的。 国产HPV疫苗上市，告别HPV疫苗英美垄断近日，国家药监局发布公告：批准首个国产双价人乳头瘤病毒疫苗（大肠杆菌）（商品名：馨可宁）的上市注册申请。<img src=""https://pic4.zhimg.com/50/v2-f8806e7fb5291c31f8b4afac7bb7020c_hd.jpg"" data-caption="""" data-size=""normal"" data-rawwidth=""1013"" data-rawheight=""574"" data-default-watermark-src=""https://pic1.zhimg.com/50/v2-6c3af0a596a9b9c0dc5efb86d09c2d03_hd.jpg"" class=""origin_image zh-lightbox-thumb"" width=""1013"" data-original=""https://pic4.zhimg.com/v2-f8806e7fb5291c31f8b4afac7bb7020c_r.jpg""/>2006年，默沙东公司研发出全球第一个HPV四价疫苗。目前全球市场中，二价HPV疫苗的生产厂家为葛兰素史克（GSK），四价HPV疫苗和九价HPV疫苗的生产厂家为默沙东。国产二价HPV疫苗的上市意味着我国成为世界上第三个研发生产宫颈癌疫苗的国家。正式告别了英美的长期垄断。 国产HPV疫苗：馨可宁（Cecolin）该疫苗为针对16、18型HPV的二价疫苗，由厦门大学夏宁邵团队和厦门万泰沧海生物技术有限公司共同研发。适用于9-45岁女性。定价为329元/支。9-14岁女性只需要接种2针，15-45岁女性接种3针。预计最晚今年5月批量上市。 <img src=""https://pic2.zhimg.com/50/v2-677831e75babc53a6a643fd04b878eb1_hd.jpg"" data-caption="""" data-size=""normal"" data-rawwidth=""1080"" data-rawheight=""796"" data-default-watermark-src=""https://pic4.zhimg.com/50/v2-a2c30c16dbea6692e993aae679f2ccbd_hd.jpg"" class=""origin_image zh-lightbox-thumb"" width=""1080"" data-original=""https://pic2.zhimg.com/v2-677831e75babc53a6a643fd04b878eb1_r.jpg""/>HPV疫苗将不再一针难求中国食品药品检定研究院数据显示，2017年我国HPV疫苗签发量146万支，2018年为700万支，2019年1-11月为870万支。按照3.56亿适龄女性、每人3针计算，中国有超过10亿支疫苗缺口，数量远远不够。很多朋友都反应，现在国内HPV疫苗很难预约，排队半年已经非常幸运。很多人甚至特地飞到香港去接种。而国产疫苗上市以后，这种情况应该会大大好转，且价格相对便宜，HPV疫苗的接种将会更加普及。 Q&A二价、四价、九价疫苗有什么区别？ “价”是指能够预防的HPV型号数量。二价针对的是16、18型HPV，可预防70%左右的宫颈癌。四价针对6、11、16、18型，预防90%的生殖道疣和96%的尖锐湿疣。九价针对6、11、16、18、31、33、45、52、58型HPV病毒，可预防90%的宫颈癌，85%的阴道癌、80%的宫颈病变、90%的尖锐湿疣、95%的肛门癌等。 是不是接种的价数越高越好？理论上接种的价数数越高，覆盖的疾病越广，收益越大。但疫苗有早接种、早预防的特点。对大多数非高危人群来讲，不管哪一价，只要尽早接种，都是获益的。（毕竟很多人可能在等待过程中有了性生活遭遇感染）可以这样理解，二价是雪中送炭，四价九价是锦上添花。 接种了疫苗，就不用担心得宫颈癌了？疫苗不能治疗HPV感染或已经发展的HPV相关疾病如宫颈癌前病变或宫颈癌。而且疫苗也不能100%预防，接种疫苗以后，还是要定期做宫颈癌的筛查（HPV病毒检测和TCT）。 如何知道自己需不需要打HPV疫苗？根据WHO建议，HPV疫苗最佳的接种年龄是9-13岁。年龄越小，效果越好。26岁之前补接种，也会有很大的获益。最大的影响因素还是是否有过性生活。 也就是说26岁之前无论有无性生活，26岁之后无性生活，都建议接种。而超过26岁，有性生活的，有效性会大大降低，但仍有一定的效果（性价比低），可以根据自己的经济情况自由选择。 孕妇、急性感染人群、免疫缺陷人群不建议接种。 消息来源：央视新闻参考资料：http://www.who.int （世界卫生组织官网）本文首发于微信公众平台：张四月的小火车未经授权禁止转载。",发布于昨天 19:16
六层楼,​赞同 301,​83 条评论,"说说「国产二价HPV疫苗 」的问题。早在我研究生阶段，导师就已经在说国产HPV疫苗的事儿了，但是当时缺少数据，研究进展也挺缓慢……终于，等国外的2、4、9价陆陆续续在国内上市之后，我们的2价才出现。虽然晚了点儿，但整体上来讲也还是好事儿。具体来说：1.同样是2价，国产的便宜200元/针左右，3针下来能省500-600元……进一步降低了接种门槛，覆盖9-45岁女性（男性还是不能打）。2.某种程度上缓解了一部分供需不足的情况，但是吧，大家都盯着9价疫苗了，所以缓解有限。当然，疫苗供需涉及国家和外企之间的博弈，咱就不多说了。3.国产疫苗有针对9-15岁女生的专门方案（接种两针即可），进一步保护到国外疫苗无法覆盖到的人群。这是非常关键的环节，因为这个阶段的女生发生性生活的概率很低，所以对于预防宫颈癌至关重要（甚至可以说未来消除宫颈癌就靠这个环节了），希望有女孩儿的家长可以留意一下。4.虽然2价不是当前大家最关注的，但是国产的11价也已经在做临床试验了，哦，对了，国外的9价也在做新的临床试验（扩大接种年龄）。总之，未来可期。尽快分享给更多人看看这部分内容，目前的处境是传播的越远帮的人越多。我是六层楼，我爱这个世界。<img src=""https://pic3.zhimg.com/50/v2-66f1e86324e8acdd4825056d7e465fb6_hd.jpg"" data-rawwidth=""641"" data-rawheight=""321"" data-size=""normal"" data-default-watermark-src=""https://pic3.zhimg.com/50/v2-49603608577b715fbc557639714704a8_hd.jpg"" class=""origin_image zh-lightbox-thumb"" width=""641"" data-original=""https://pic3.zhimg.com/v2-66f1e86324e8acdd4825056d7e465fb6_r.jpg""/>",发布于昨天 21:59
郑常,​赞同 119,​28 条评论,难得热榜上有我专业相关问题。无人邀，自答。这个疫苗的研发成功，是我国疫苗研制的一个重大成功。作为基层工作人员，非常的欣慰，也希望我国的疫苗研制事业能越发展越好。但从疫苗厂家的经济效益方面来说，我个人觉得，销量不会好。为什么呢？从我在基层工作的经验来说，宫颈癌疫苗虽然是热门的网红疫苗，但2价hpv的处境是十分尴尬的。最重要的是年龄，9-45岁可以打2价，16-26岁可以打9价，未成年人是没有自主决定疫苗接种的能力的，一般都是家长来决定是否接种，接种哪一种。中国对疫苗接种的意识是比较低的，举例来说的话，当年《流感下的北京中年》在全网热火的时候，我们本院提供免费的流感疫苗接种，但全院医务人员流感接种率不到30%，连医务人员，对疫苗都不敏感，不重视，你认为普通群众，是否会有意识，让自家的女儿，在9岁来打hpv疫苗呢？退一万步来说，家长有这个意识，那作为家长，你是否会等到女儿16岁再来打保护性更好的9价hpv呢？另外接种了国产的2价hpv，如果还想接种9价hpv，是否可以呢？这个是没有定论的，毕竟疫苗刚出，没有实例。价格上，国产的2价hpv确实有竞争力，但有接种意识的家长，可能并不缺少这部分钱。最实际的情况是进口的葛兰素的2价hpv疫苗，说明书明确可以有交叉保护31、33、35型的病毒的，综合可以有90%以上宫颈癌保护率，但面对4价hpv和9价hpv，市场占有率一路下降。国产hpv疫苗，任重道远。加油吧。,编辑于 13:00
张宙,​赞同 215,​17 条评论,"我的一个好朋友就在这个公司里面工作，公司与厦门大学合作，只有两百人左右，虽然是在养生堂名下，但是在疫苗上市前算是比较默默无闻，其实这样为自主创新默默科研的公司和实验室还有很多个，但不是所有的单位都能做出突破，甚至它们中的大多数都会一直默默下去，它们都很不容易。<img src=""https://pic2.zhimg.com/50/v2-cfb24d9befd33dd4ec474e7d1a357651_hd.jpg"" data-rawwidth=""929"" data-rawheight=""1593"" data-size=""normal"" data-default-watermark-src=""https://pic3.zhimg.com/50/v2-4be9f1c81915ebb83e39cffcaa9e91df_hd.jpg"" class=""origin_image zh-lightbox-thumb"" width=""929"" data-original=""https://pic2.zhimg.com/v2-cfb24d9befd33dd4ec474e7d1a357651_r.jpg""/>我作为一个研究生深知自主创新的艰难，因此十分敬重那些在科研一线努力奋战的研究者，更佩服能够在领域内取得成就的人，因为并不是所有的耕耘都能有收获。每当看到我们的龙芯，麒麟，国产操作系统和一些其他的自主产品因为某些性能的不足而饱受网友辛辣的嘲讽和百般抨击时，我是非常心酸的，圈外人不知道圈内人的艰辛，一颗科研的种子发芽需要时间，他的成长更需要各个方面的努力，更不用说要让他成为世界最高的树木。我呼吁社会各界给科研工作者更多的耐心和理解，不要因极少数科研不端者而产生偏见，不要以成就论英雄，我相信这种信任和尊重也会让科研人员更好的反哺社会。",编辑于 09:08
思辨,​赞同 61,​1 条评论,"二价HPV疫苗已经上市了，四价疫苗和九价疫苗还会远吗？一方面，疫苗的上市，成功证明了中国在研究HPV疫苗上获得的成绩，另一方面，一个问题也开始被重视：国产疫苗真的可以令人放心吗？厦门大学从2002年起，便已展开该疫苗的研发。到获批上市，总共历经18年。在此过程中，我校与养生堂万泰达成合作协议，进行了密切深入的合作研发。 本次国产宫颈癌疫苗，是继2012年全球首个戊肝疫苗上市后，厦门大学和养生堂万泰采用独创的大肠杆菌原核表达类病毒颗粒疫苗技术体系合作上市的第二个疫苗。 就在2019年9月，葛兰素史克公司和养生堂万泰签约，基于我校和养生堂万泰的创新疫苗抗原技术和葛兰素史克公司的佐剂技术联合研发新一代宫颈癌疫苗。那么该实验室技术力如何呢？同样是这个研发及生产组合，另一个产品是全球首支戊肝疫苗“益可宁”。益可宁是世界首个用于预防戊型肝炎的疫苗，该疫苗的正式名称为重组戊型肝炎疫苗（大肠埃希菌），由厦门大学国家传染病诊断试剂与疫苗工程技术研究中心研制，研发耗时约14年，研发投入达到约5亿元。<img src=""https://pic2.zhimg.com/50/v2-db911a8efef888a9668dea3acf2650b4_hd.jpg"" data-rawwidth=""1080"" data-rawheight=""1251"" data-size=""normal"" data-default-watermark-src=""https://pic1.zhimg.com/50/v2-286882134fd59d0cfd36b13166c3d280_hd.jpg"" class=""origin_image zh-lightbox-thumb"" width=""1080"" data-original=""https://pic2.zhimg.com/v2-db911a8efef888a9668dea3acf2650b4_r.jpg""/>这意味着就目前而言，HPV二价疫苗的质量是可以放心的。我认为，消费能力比较高的人，如果对国产疫苗怀有信心的话，不妨来试一下属于我们的HPV疫苗。当然，我不会用爱国情怀道德绑架别人，同理，这是一个纯凭意愿的事。与此同时，HPV疫苗最大的优点在于，它是能推广到人群当中去的。要知道，能买得起进口疫苗的只是少数。如果疫苗能被推广，那么可以一定程度上减缓病情的危害。所以，我愿意对国产疫苗抱着乐观的心态，并坚信它能逐步赶上与进口疫苗的差距。",编辑于 15:45
郭晓静,​赞同 74,​38 条评论,最新补充回答：很多留言问国产和进口哪个好，这个问题确实回答起来有难度，个人认为就和我们买房子一样，经济条件好可以一步到位，如果经济条件一般，可以先解决有没有房子的问题，然后再解决房子好不好的问题。国产疫苗目前质量还是有实力的，尤其疫苗法颁布以后。所以个人建议可以先接种国产2价，达到大面积覆盖和预防，让更多的人可以享受疫苗带来的益处，以后结合疫苗进步以及自己经济条件的改善再去升级。首个国产HPV2价疫苗上市，肯定是大好事！先不说价格便宜多少，至少证明我国在HPV疫苗研发上取得了一定的成绩，那么HPV4价和HPV9价应该也会指日可待了！那么多超龄但是还想打9价的人群又迎来了希望，衷心希望早日研发出HPV9价疫苗，早日上市，让国人受益！再有一点就是想在此提醒大家，一定要有接种HPV疫苗的理念和意识，不要再怀疑HPV疫苗预防的效果了，尤其是年龄在16-26岁间，适合接种HPV九价疫苗的女性，一定是早接种早收益！2020年1月4日补充回答：现在国际上公认的HPV疫苗接种指南认为，年龄在11岁左右没有性生活的女孩可以考虑接种两针即可达到预防效果，因此更加说明越早接种越早受益而且节省费用。,编辑于 12:54
匿名用户,​赞同 12,​1 条评论,"无邀但想说两句哈哈看待就是 价格美丽又包容 看到大家的一些质疑声也非常难过我们院长带领的团队和生物公司合作，在实验室埋头研制了18年。大一的时候在院长tea time的时候听他讲过研究过程的辛苦和来自外界一直不断的质疑，甚至为了断绝外界质疑的干扰封闭在实验室好几个月。（当时我们还问真就在实验室闭关住了几个月不出来吗hhhh 然后院长和老师都笑开了）学院里所有的人，从研发到上市，一步步关注过来，真的是自豪又心酸。我从大一开始进实验室开展科研训练，看到师兄师姐忙忙碌碌的样子，在旁听组会的时候看到导师指导甚至严肃批评他们的样子，都感叹科研很累很难。无数次听院长说：一定要让中国也研制出HPV 疫苗。现在他们仍然在努力进一步实现高价疫苗。但是有些人却提出各种质疑，我能理解大家的担心，但是也希望这来之不易的疫苗背后，科研人员的每一份努力都能被看到。没有什么道德绑架爱国情怀，我自己在学院研制的疫苗上市之前也已经预约过9价疫苗（but还在苦苦排队中）但是作为普及的HPV 疫苗 329真的是性价比很高很美丽了呀～最后想要分享一下我爱的傍晚校园！<img src=""https://pic1.zhimg.com/50/v2-eaf97dd0128c02420d5fbcc07ddeb28e_hd.jpg"" data-rawwidth=""2048"" data-rawheight=""1536"" data-size=""normal"" data-default-watermark-src=""https://pic1.zhimg.com/50/v2-eaf97dd0128c02420d5fbcc07ddeb28e_hd.jpg"" class=""origin_image zh-lightbox-thumb"" width=""2048"" data-original=""https://pic1.zhimg.com/v2-eaf97dd0128c02420d5fbcc07ddeb28e_r.jpg""/> <img src=""https://pic3.zhimg.com/50/v2-f568366dc47d3e3ffa50de48b67182c7_hd.jpg"" data-rawwidth=""3757"" data-rawheight=""1280"" data-size=""normal"" data-default-watermark-src=""https://pic3.zhimg.com/50/v2-f568366dc47d3e3ffa50de48b67182c7_hd.jpg"" class=""origin_image zh-lightbox-thumb"" width=""3757"" data-original=""https://pic3.zhimg.com/v2-f568366dc47d3e3ffa50de48b67182c7_r.jpg""/>考试周冲鸭！奥利给！",发布于 13:58
华商韬略,​赞同 2,​添加评论,"除了科研工作者之外，万泰生物背后大佬很值得一聊。因为他就是农夫山泉的老总，钟睒睒(音同闪)。<img src=""https://pic4.zhimg.com/50/v2-5477f7caed111ee8b0cd4d9cefadb287_hd.jpg"" data-rawwidth=""500"" data-rawheight=""501"" data-size=""normal"" data-default-watermark-src=""https://pic3.zhimg.com/50/v2-b24673524030e31ab96510d26807d343_hd.jpg"" class=""origin_image zh-lightbox-thumb"" width=""500"" data-original=""https://pic4.zhimg.com/v2-5477f7caed111ee8b0cd4d9cefadb287_r.jpg""/>1首家获批的国产人乳头瘤病毒（HPV）疫苗，俗称宫颈癌疫苗，而该获批公司——万泰沧海，为万泰生物的全资子公司。其实早在去年5月，北京万泰生物就已经提交了申请，试图进行IPO闯关。这家手握中国第一个自主知识产权宫颈癌疫苗的公司，也有望成为投资人眼中下一个医药白马股。万泰生物的背后就是农夫山泉的老板钟睒睒和他的养生堂。倘若万泰生物在宫颈癌疫苗领域站稳脚跟，钟睒睒个人身家将无疑暴增，超过千亿也不为过。但他这位大佬却不显山不漏水，没有进入任何富豪榜。其实，低调至极的钟睒睒在业内却以营销高手闻名，著名的“农夫山泉有点甜”，据说就是这位低调大佬的得意之作。2000年，农夫山泉诞生之初，钟睒睒发动的“天然水vs纯净水”大辩论几乎把哇哈哈宗庆后在内同行得罪了个遍，连乐百氏老总何伯权的女儿都买农夫山泉的水来养鱼。因此，从此钟睒睒就被看做业内的“独狼”。<img src=""https://pic3.zhimg.com/50/v2-26c76fb19f4f2f1810c7cbb922e1c261_hd.jpg"" data-rawwidth=""400"" data-rawheight=""434"" data-size=""normal"" data-default-watermark-src=""https://pic1.zhimg.com/50/v2-9a2bee1341c5f03bd9defa83cc45a535_hd.jpg"" class=""content_image"" width=""400""/>但此次宫颈癌疫苗的面世，将这位不鸣则已一鸣惊人的独狼另一面淋漓尽致地展现了出来。宫颈癌是危害女性健康的产检妇科第二大恶性肿瘤，也是唯一明确病因，可以预防的恶性肿瘤。万泰生物宫颈癌疫苗的上市，将成功打破进口疫苗的垄断地位。其实大佬在该领域早有布局。2001年，农夫山泉通过普及天然水概念刚刚打响名气，钟睒睒就敏锐地察觉了宫颈癌疫苗的未来前景，主动收购万泰生物，并且与厦门大学共建疫苗技术体系平台。尽管农夫山泉的营销之道被行业内外所称道，但在疫苗领域，钟睒睒却悄无声息地推进了十五年，最终打破垄断，使得中国成为了英美之后，世界上第三个具备宫颈癌疫苗自主供应能力的国家。　而从2006年全球第一支HPV疫苗上市起，目前HPV疫苗累计销售数量约3.5亿支，年需求量在1亿支，且需求日益增加。目前，我国市场缺口超过10亿支。目前，HPV疫苗的接种费用按覆盖病毒种类区分为9价、4价、2价，接种费用为4000元、2400元和1800元。钟睒睒所推动的这种疫苗定价329元/支，接种2针费用为660元，3针约为1000元，能达到84.5%的预防效果，更具价格优势，将极大推动我国宫颈癌疫苗的普及。2为什么一家做食品饮料的企业会进入医药行业，而且在医药领域独占鳌头呢？实际上，钟睒睒最初就是从保健品起家的，从而一步步与医药结缘。90年代，龟鳖的养生作用在社会广受欢迎，但原料假冒伪劣居多，造假掺假问题严重。原本在农产品领域创业的钟睒睒却看到机会，不仅自建养殖场，引入低温冷冻粉碎工艺，还研发了百分百全鳖的养生堂“龟鳖丸”，成为市场追捧的热点。此后，为了推广产品以及发掘市场需求，钟睒睒办了很多类似“寻找病友”、“健康问答”、“女人什么最美”等公益活动。2000年后，保健品行业逐渐衰退，保健品批文也被取消了。本来就看到保健品乱象的钟睒睒一方面以农夫山泉为切入点，进军天然水市场，成就日后家喻户晓的品牌。而另一方面也在医药方面潜心布局，但却因始终低调直到今天国产宫颈癌疫苗的上市，才真正为人所知。<img src=""https://pic1.zhimg.com/50/v2-fb45e99c2700ea83a2aea1ee47e6b7e4_hd.jpg"" data-rawwidth=""640"" data-rawheight=""360"" data-size=""normal"" data-default-watermark-src=""https://pic1.zhimg.com/50/v2-e2813ed26ca86320e1952b835112522f_hd.jpg"" class=""origin_image zh-lightbox-thumb"" width=""640"" data-original=""https://pic1.zhimg.com/v2-fb45e99c2700ea83a2aea1ee47e6b7e4_r.jpg""/>为什么能在钟睒睒能取得横跨多领域的成功？其原因绝非营销二字能够概括。“中国民意是流动的，你只有抓住了这个动向，你才算抓住了主流。”钟睒睒就是个非常能抓住主流市场需求的人。主流是什么，他自有一番“茶叶蛋”和“原子弹”的理论：“我认为20年以后的生活水平将会提高，知识会爆炸。但是说，传统企业没有饭吃是不可能的，我们就是煮茶蛋、揉揉面，每个家庭都有祖传，我揉捏法不同于你，我还是有饭吃。”市场既需要原子弹，也需要茶叶蛋，两者缺一不可，而两者都需要用技术进行升级。在钟睒睒的产业蓝图里，原子弹就是高端的宫颈癌疫苗，茶叶蛋自然就是普普通通却处处需要的饮料和维生素。在饮料的层面，农夫山泉作为日常消费品的知名品牌，钟睒睒就把营销手段发挥到了极致;医药领域的疫苗不需要营销，所以钟睒睒也就低调地干了十五年。而面对媒体采访，钟睒睒直言，你们“新闻界以内容为王，我们以产品为王”。不论是茶叶蛋还是原子弹，“只有给消费者好处，才能走得长久”。32008年，汶川地震期间，亲自跑到灾区送水的钟睒睒，在看到灾民抢收庄稼的场景感慨万千，再三吩咐不要有任何宣传。回到杭州之后，一向被认为自负、狂傲的他在机场禁不住嚎啕大哭，在场的人无不动容。当一个人身兼霸气与柔情时，钟睒睒的老友，中国美术学院教授张培力便给出了“英雄主义色彩”的高度评价。<img src=""https://pic2.zhimg.com/50/v2-1be0075abd4e21faedf21c9f56c45b29_hd.jpg"" data-rawwidth=""600"" data-rawheight=""450"" data-size=""normal"" data-default-watermark-src=""https://pic4.zhimg.com/50/v2-8a002afe9fc67ba98cfee88fe8a0f46f_hd.jpg"" class=""origin_image zh-lightbox-thumb"" width=""600"" data-original=""https://pic2.zhimg.com/v2-1be0075abd4e21faedf21c9f56c45b29_r.jpg""/>但这种惺惺相惜在钟睒睒安静的朋友圈里并不罕见。尽管早年在代理娃哈哈时与宗庆后闹过矛盾，后来又因为“纯净水”事件与老东家大打舆论战。但当农夫山泉经历一系列风波时，宗庆后却多次站出来为这个当年被自己踢出门的下属说话。而在几年前几乎要置农夫山泉于死地的“标准门”事件中，德高望重的鲁冠球却特意在剪报上写下十五字勉励寄给钟睒睒：要挺住，不要怨，查自己，做得对，从头越！“我觉得自己不孤单，我有自己的圈子，我有自己的生活方式。”“钱，仅仅是钱还是不够的。我的目标要高得多。”1989年，干过泥瓦匠、当过记者、办过报纸，最后选择在经商来实现人生抱负的钟睒睒在信中写下了这样的话。在商海中浮沉多年，曾经立志“面朝南海，怀抱大洋”的小记者并没远去。 如今来看，倘若钟睒睒只追求财富的话，年利润数十亿的农夫山泉已经足以让他躺赢一辈子。可以说，万泰生物宫颈癌疫苗也正是三十年前钟睒睒那番话的最好印证。尽管已经取得历史性突破，但还有一个更高的目标。2019年我国HPV疫苗市场份额占比情况分别为，2价7％、4价67％和9价26％，且2价疫苗通过审批得越来越少，9价疫苗最为稀缺，市场供不应求的趋势较为明显，很多人需要排队甚至前往香港才能完成9价接种，甚至因为人生地不熟面临假疫苗风险。<img src=""https://pic1.zhimg.com/50/v2-56e7a4d819bf5e4435da68d9a737adf1_hd.jpg"" data-rawwidth=""640"" data-rawheight=""640"" data-size=""normal"" data-default-watermark-src=""https://pic2.zhimg.com/50/v2-751144cf7ba3fac93ffef483b337207f_hd.jpg"" class=""origin_image zh-lightbox-thumb"" width=""640"" data-original=""https://pic1.zhimg.com/v2-56e7a4d819bf5e4435da68d9a737adf1_r.jpg""/>因此，仅仅开发国产2价疫苗是不够的，据悉，雄心勃勃的万泰生物已开始了9价HPV疫苗的研发工作。倘若钟睒睒带领的万泰生物能在九价疫苗上取得进一步突破，也将彻底终结中国人去海外排队打高价疫苗的历史。这也是行业独狼——钟睒睒当初对自己的承诺。",编辑于 14:33
孔二狗是也,​赞同 11,​3 条评论,"目前舆论主要集中在：1是认为二价疫苗落后。进口疫苗都是四价或九价，二价使用范围窄（有个别在网上对这种落后骂娘的）；2是认为价格偏贵。目前进口二价疫苗打三针1800元，该疫苗三针900元，价格还是大家自己判断；<img src=""https://pic1.zhimg.com/50/v2-ec72f714166b55f52f10c796567090d3_hd.jpg"" data-rawwidth=""1647"" data-rawheight=""1080"" data-size=""normal"" data-default-watermark-src=""https://pic1.zhimg.com/50/v2-c8fd88b356d6b0261ca48e10ebbd047b_hd.jpg"" class=""origin_image zh-lightbox-thumb"" width=""1647"" data-original=""https://pic1.zhimg.com/v2-ec72f714166b55f52f10c796567090d3_r.jpg""/>3是对安全性的质疑。毕竟前有狂犬病疫苗事件和长春生物疫苗事件，国人的信心不足；4是整体关注度不足，微博热搜几乎没有，相关话题讨论才600多条：<img src=""https://pic1.zhimg.com/50/v2-0ea5dc17280a4ea8952a44dad4b2db5b_hd.jpg"" data-rawwidth=""962"" data-rawheight=""798"" data-size=""normal"" data-default-watermark-src=""https://pic4.zhimg.com/50/v2-8cb0eebbf4fe0b05f6361169c333a324_hd.jpg"" class=""origin_image zh-lightbox-thumb"" width=""962"" data-original=""https://pic1.zhimg.com/v2-0ea5dc17280a4ea8952a44dad4b2db5b_r.jpg""/>5是认为这是女性福音，当然我也十分赞同~个人想提醒大家的是：此次疫苗应用效果最好的人群是9-14岁的少年，但是这一群体对社会新闻和自身健康的关注不足，父母也普遍到了40多岁思想比较落后的年龄，到底有多少9-14岁少年能够得到接种，值得关注。另外无论如何，这次上市都打破了国外的垄断，整体还是应该点赞的。最后还是想呼吁小哥哥们看过来~hpv疫苗也是适用于男性的！比如这次疫苗上市时说明：针对HPV16、18型，可用来预防女性宫颈癌和男、女生殖器癌以及生殖器疣。（但我不清楚该疫苗国内是否同意男性打，国外是可以的）男性也应该好好关注自己的这方面健康问题了，关爱女性重要、关爱男性同样也重要( •̆ ᵕ •̆ )◞♡<img src=""https://pic2.zhimg.com/50/v2-8382bbd8a06a15161f85251d281d1b4e_hd.jpg"" data-rawwidth=""300"" data-rawheight=""250"" data-size=""normal"" data-thumbnail=""https://pic2.zhimg.com/50/v2-8382bbd8a06a15161f85251d281d1b4e_hd.jpg"" class=""content_image"" width=""300""/>",编辑于 15:59
周比,​赞同 42,​8 条评论,恭喜恭喜！ 之前有幸参加了Ian Frazer （HPV疫苗的发明人）在昆士兰大学的讲座，现场就有人问他，为什么这个疫苗不能在澳洲本地生产必须要在美国。老爷子也很无奈的说，因为这个疫苗很难制造，成本也很高，目前来看只有美国的大医药公司有生产能力。同时举例说“印度和中国都在尝试生产，不过还未能投产“。 现在研制成功，恭喜祖国！ 另外，HPV疫苗的发明人有一个是中国人哦 - 杭州人周健，然而不幸英年早逝。不过昆士兰大学每年都会纪念他，他的遗孀和Ian还成立了以他命名的基金会用来颁发奖学金。有兴趣的可以看这个UQ的网页，非常详细。http://www.uq.edu.au/research/impact/stories/guardian-angel/​www.uq.edu.au,发布于昨天 22:40
Chakkam,​赞同 12,​5 条评论,"As a XMUer, is sincerely proud of what you have achieved.我厦这个疫苗真的是牛（A+C）／2，后续还有九价和20价的HPV疫苗。我等专业人员的看法是，没打过的不打也没问题，只要平常不滥交，定期体检和筛查就可以了。打了HPV疫苗不等于不会得宫颈癌。另外就是疫苗相当于人体引入了一个本来体内没有的, 灭活的病原体，至于不良影响呢不好说，像脊髓灰质炎疫苗，也偶有不良事件发生。不过我厦这个疫苗，载体是大肠杆菌，我个人认为是比真核的载体来的安全可控些。",编辑于 06:53
豆豆的老豆,​赞同 9,​6 条评论,从市场营销的角度来看，在没有壁垒的情况下，本地化的产品打败进口的是必然，价格便宜，那是肯定的，但跟对标产品肯定会有一点点不如意，比如原料、工艺、包装之类的。。。然后就会形成差异化的市场，但，不是所有人都不在乎价格。 我觉得相对于目前打进口甚至于去香港打的，这已经很好了。先得有，然后才能更好,发布于昨天 22:15
国士无双,​赞同 47,​14 条评论,祖国各项事业全面飞腾，最早前中国人只能去国外打疫苗，后来去香港，还被香港人各种坑，使用无批号包装黑疫苗！现在终于有国产疫苗了。几年前大概2012年时候，我一个朋友结婚，我就让他去海南度蜜月时候顺道去香港给太太注射hpv 疫苗。结果他狗屁不懂。说没用结果去年他媳妇因为得了宫颈癌住进肿瘤医院。一顿化疗才暂时保住性命！所以，请关爱自己女朋友和太太。爱她就送她去打疫苗。,发布于昨天 21:49
一朵云,​赞同 33,​10 条评论,不管多少钱，妇、幼要的是安全，安全，安全还有可靠。深圳这边这些年很多女人带着女儿去香港打的这个疫苗。希望中国制造和中国经济的迅速发展一样能让世界人民刮目相看，是用品质说话的那种相信，疫苗还是个特殊的药品，疫苗，疫苗的问题再不能出任何差错和任何闪失了，毕竟不能再拿孩子来做实验或者牺牲品了。女孩子和妇女，疫苗的受用对象是女孩子和妇女，孩子，祖国的花朵和未来，母亲是祖国繁荣昌盛的根基，一定记得慎行，再慎行，安全，安全再安全。希望这次疫苗能造福后代，恩泽后代，为祖国点赞。,编辑于 01:05
张大白,​赞同 4,​添加评论,两千多的时候就想打 三百多 更要打的,发布于昨天 23:14
傾盡天下,​赞同 14,​4 条评论,既然能通过审核，说明实验了无数次，就是有国家背书了，肯定是没有问题的，可能效果会差一点，但价格便宜的多啊，国产向来都是价格屠夫，不也会逼着国外那些减价么，看不上国产大可以买迫不得已降了价的外国的，也很赚啊。 再有研发人员辛苦研发出来为百姓带来福音，要是知道有那么多不信任和诋毁，心都凉了，以后不研发了，都去给老外送钱吧。,发布于 05:25
karlond,​赞同 67,​51 条评论,看得出来大多数人对国产药品的信任度还是不够，但是我们是不是应该多一点包容和理解呢！一个药如果一直进口，会有一部分人站出来国产力度不够，ballball一堆，好不容易扶持产生了国产药品来减百姓的负担，但还是有一部分人站出来我怎么信得过，谁敢用的态度。看到这种现象真的很痛心，即使是进口药也不敢保证就一定不会出现事故吧。所以希望大家多一份包容和理解，国产HPV能够以不到四百元的价格面向我们，我们还有什么理由去批评和怀疑！也希望大家看待问题的角度不能太自私，权衡利弊来讲，这真的是一件很棒的好事儿。看了下大家的评论，想说以下俩点。一、所谓的“包容”不是指我们可以接受疫苗事件的再次发生，是指我们用客观合理的态度看待问题。我们必须清楚，任何事情没有谁敢保证百分之百的成功，一部分人的想法给我的直观感受是“面对误差（注意，不是犯错），我们零容忍”，这显然有点不太合理。更何况，新药上市是要经过多期临床实验的，并非拿我们当小白鼠，但我们必须知道可能还是会有意料之外的偶然事件发生。举个例子，青霉素即使皮试阴性后期用药还是会有人过敏乃至死亡，请自行体会其中的道理。对此，我们“包容”是为了给国产药一个更好的生存空间，有一个更好的生存环境。二、一点建议①权衡利弊，理性讨论。②独立思考，谨防跟风。③人命关天，利国利民。④用词文明，注意素质。,编辑于 09:06
display 老郭,​赞同 37,​29 条评论,唉，我本不关心此事，因为确实与我无关。但是听周围一些小姑娘说，“国产的肯定不行”，“宁死也要去香港打”“329块钱，肯定便宜没好货”。感觉挺悲哀的。国产药企和政府的信任之路漫漫其修远兮。,发布于 10:21
钓鲸,​赞同 86,​53 条评论,虽然作为九零后的我对国产产品信心很足。但我真不敢让亲朋好友去试这个从没听说过的国产药厂的疫苗…进口疫苗是什么厂家，那可是葛兰素史克和默沙东阿。葛兰素的二价不过2000，医保外的疫苗，打都打了…差那一千块?讲真…国产的中国生物或者恒瑞石药远大沃森之流，甚至某地的经验丰富历史较久的血液制品厂都行，这个真的…太冒险了。上市后观望个一年半年再说吧。更:经评论区小伙伴提醒，真是农夫山泉出的。我毕业的找工作的时候还真看到他们招生物制药相关硕士以上的人员，说是准备攻克制作hpv疫苗。emmmmm…真是筹备已久啊，农夫山泉还是信得过的（???），可以试试。二更:评论区相关研究所dalao已经出来解决了一部分我的问题了。相关评论已加精供大家结合食用。我就本科生水平，完全没有不信任厦大的国重实验室的意思，甚至我是认为自己没有资格评价这项课题的。我对这个疫苗的观望态度主要出在养生堂的生物制品厂的扩大生产上。注射用的疫苗，从培养纯化到分装冷运一步一步都必须慎之又慎，不能出一丝一毫的纰漏。但值得期待的也有，毕竟养生堂有十分成功的饮品制作经验，农夫山泉真的是非常成功的，也可以认为，公司在无菌车间和冷链都没大问题，评论区dalao也提到了，具体生产厂家万泰生物也有丰富的生物制品经验。长春长生的疫苗其实工艺上也没有任何问题，就是完完全全的人祸。希望养生堂能不负众望，战战兢兢，如临深渊，如履薄冰，给实验室辛勤科研的工作人员和全国广大妇女同胞们，交上一份满意的答卷。,编辑于 00:04
小北,​赞同 3,​添加评论,了不起，，自己研发的疫苗很便宜了，，建议女人女孩子，，都去打,发布于 00:37
阿风,​赞同 39,​31 条评论,先说最重要的结论，请各位所谓的专业人士麻烦跟进:1.最佳接种年龄是9-15岁，国内建议12-15岁，个人建议小学毕业之后最佳，千万不要等，这个年龄段不但可以保证大部分没有性生活且抗体滴度更高。2.上市的各种HPV疫苗能打到哪种打哪种，这玩意不是手机，可以筛选可以等，不要被误导，主要都是靠预防HPV16.18。3.接种疫苗是一级预防，筛查是二级预防，同样重要，建议25岁以后女性每隔三到五年做HPV检测和TCT检测等。 ---------------- 声明一下利益相关，匿名保平安。葛兰素史克的双价HPV疫苗带着牛逼的AS04佐剂都卖不动，滞销很久了，漂洋过海到北京仓库报废了几十万支了，这个时候上国产的除非给回扣，不然一定是卖不动。大众对于这些极具专业性的药品疫苗，大部分时候是分不清的好坏的，很多女士选择只是为了逼格，并不在乎真实保护效力有多高目前上市的这四种HPV疫苗业内建议不考虑价格的前提下:首选进口双价和进口九价 次选国产双价和进口四价考虑价格的前提下:首选国产二价和进口二价次选进口四价和九价。 总会有人问原因，贴个同行的回答，比较专业，能看明白多少就看多少。https://www.zhihu.com/answer/255780548,编辑于 11:02
六月哀歌,​赞同 9,​2 条评论,"国外的月亮不一定比中国圆，国外的坏蛋不一定比中国少，国外的疫苗不一定比国产的好，但国外的疫苗一定比国产的贵！国产hpv疫苗的出现，以其相对实惠的价格，普通民众接受度更高，普及率提高，发病率降低，这才是我们真正想要看到的结果！有钱有条件不放心国产疫苗的可以继续选择使用高价进口，但放心，大多数人还是没钱的！比如我！！<img src=""https://pic3.zhimg.com/50/v2-301a9fe6aeeef5516eab35197fbca75e_hd.jpg"" data-rawwidth=""310"" data-rawheight=""238"" data-size=""small"" data-default-watermark-src=""https://pic4.zhimg.com/50/v2-37d3372e4714d857361444eb9d5ad6ee_hd.jpg"" class=""content_image"" width=""310""/>",编辑于 01:00
蚂蚁小宣,​赞同 8,​1 条评论,"是我们学校公共卫生学院参与研发的今天整个朋友圈都炸锅了对同学是一次很大的鼓励吧真真切切感觉到人民的福祉与我们是有关的以后会更加努力<img src=""https://pic3.zhimg.com/50/v2-c8631dc67c25a95171b3f19a24a547b0_hd.jpg"" data-rawwidth=""960"" data-rawheight=""2079"" data-size=""normal"" data-default-watermark-src=""https://pic1.zhimg.com/50/v2-08f1a86ce85ca36e255ad93014c309dd_hd.jpg"" class=""origin_image zh-lightbox-thumb"" width=""960"" data-original=""https://pic3.zhimg.com/v2-c8631dc67c25a95171b3f19a24a547b0_r.jpg""/>",发布于昨天 22:50
卜卜,​赞同 7,​1 条评论,没意思，一堆三无小号在下面群魔乱舞。不国产，说老百姓吃亏；国产了，老百姓更亏了，什么混蛋逻辑？前几起疫苗的生产问题，跟这次疫苗的研发和上市有什么关系？迷信进口，香港打糖水的事才过去多久？攥着小部分黑心人的问题说成全民的劣根性，然后攻击整个产业，这套路从高铁一直用到现在，给临床数据你不看，研发亲历者现身说法你不听，真想顺着网线摸过去，看看你是人还是鬼，屁股坐在哪！打着为民请命的旗号昧着良心干着误导大众的勾当。说好听点是后真相时代，难听点就是又蠢又坏！收了钱的去看看良心，没收钱的去看看脑子。,编辑于 05:40
又又,​赞同 9,​13 条评论,恭喜国产疫苗，居然这么便宜，喜大普奔说个题外话，唉，hpv这个事，我记得特别清楚16年年初，半夜上厕所，我初恋给我发了条信息，问我在干嘛，我说没事，她微信语音电话，一边哭一边说自己分手了。我问怎么了，她说和他男友暧昧，男的说蹭蹭不进去，我听到这就知道狗血了我说你当初不说你结婚之前不会和别人一起成长吗，她说心里想都反正这样了，而且自己在澳大利亚读研究生的时候就打了hpv，也就无所谓了，但是事后没出血，男的认为她不是第一次，不想负责不想结婚（多数第一次都不会出血）我？？？HPV是什么？？？你打了你就无所谓了？？？接着神补刀，她说以前大学咱俩每天住一起也没有越界，你真是个好人。。。我？？？？？？？？？（以前和宿舍的合不来一起出去住的，还被辅导员抓过）后来问了下为什么她在澳大利亚打HPV，国内没有吗，HPV是什么，居然这么贵，后来国内开放注射HPV上了新闻，让我深深的记住了这只疫苗，希望更多的人能预防HPV病毒，同时也警惕渣男，他们比HPV更可恶,发布于 00:06
Jeannette,​赞同 3,​7 条评论,如何看定价？？太良心了！！比国外便宜，至少比澳大利亚便宜…悉尼195刀一针，大概是975人民币一针,编辑于昨天 22:40
丸子,​赞同 17,​9 条评论,说真的，不敢用。不想当第一个吃螃蟹的人。,发布于昨天 22:11
蔷薇,​赞同 12,​3 条评论,希望研发的实验数据没有造假,发布于 01:28
热血的旁观者,​赞同 5,​5 条评论,可惜老阿姨等不到了 能在26岁之前打完三针已经很幸运了,发布于昨天 22:35
lix,​赞同 4,​添加评论,坐标魔都，去年在上海的社区卫生院打了四价疫苗，一针八百多，总共三针，花了两千多人民币。 昨天看新闻出来，国产疫苗也出来了，价格便宜了一半多，心里汗，白花花的银子呀。 至于打进口的，还是打国产的，我觉得还是看自己的个人经济而定，很多人跑国外或者香港去打，花费还是蛮大的。另外，也有新闻曝光，跑香港去打的，有人打到假的，国外不知道会不会有这个问题。 我想国产的出来，对于中国的绝大多数女性是福利，毕竟在中国女性收入不高，另外，医疗基础也很薄弱，很多女性每年体检都不做。 我问过身边的女同事和女同学，到目前为止，打过进口疫苗的人不多，有些甚至还不知道有这个疫苗。现在国产的来了，希望能够普及到更多的女性，尤其是未成年和不超过45岁的女性，既然可以打，就要有这个意识去打。希望有朝一日，能把这些非常重要的疫苗能纳入医保体系，减轻大众百姓的负担。,编辑于 13:22
程不火,​赞同 5,​1 条评论,国产疫苗肯定不行？香港疫苗给你灌水就没问题？行吧。,发布于 12:19
小薇,​赞同 5,​添加评论,不管是仿制还是自主研发，国外疫苗国内价格大概会降了，我倒现在还记得SSD，最疯狂的时候涨价涨到2元1G到现在的5毛多一G，腰折还打了个腰折，就是因为我们有自己的NAND 芯片了，要不然火灾警告，断电警告，洪水警告，当然国际SSD价格普遍下调也是事实。,发布于昨天 22:13
weiheishao,​赞同 8,​2 条评论,说下实在的，我给我老婆打的九价疫苗。那我为什么还要在这里吐槽这个点呢，因为我觉得中华民族是个勤劳勇敢的民族，我真不敢用，也不敢苟同，哪怕有好的，但是怕，因为太“勤劳”，太“勇敢”！,编辑于 05:54
Ephemeral,​赞同 2,​3 条评论,"就是后悔，我2019年才打完三针，去香港打的九价，花了七千多，还不知道真假。现在突然出了国产疫苗，还这么便宜，还不用折腾，还包真。<img src=""https://pic2.zhimg.com/50/v2-036f48afe7da859e6f6c9077952c5c67_hd.jpg"" data-rawwidth=""512"" data-rawheight=""512"" class=""origin_image zh-lightbox-thumb"" width=""512"" data-original=""https://pic2.zhimg.com/v2-036f48afe7da859e6f6c9077952c5c67_r.jpg""/>",编辑于 08:52
爱学习的老虎,​赞同,​添加评论,这是件好事，价格也不是很贵，很多人会因为这种疫苗而多活很多年，很多家庭会因为这个疫苗的出现，避免因病一夜返贫，很多人的命运会从此改变，感谢科学，感谢教育，感谢文明。,发布于 15:26
困在基院的医学狗,​赞同 3,​添加评论,太好了，希望在以后这个疫苗的重要性也要普及一下，我觉得应该还是有人不晓得是做啥的。,发布于昨天 22:50
呱乐,​赞同 3,​4 条评论,想询问一下在哪可以买到？,发布于昨天 22:52
夜见蔷薇,​赞同 9,​1 条评论,暂时还是觉得不要打国产的,发布于昨天 23:20
颜值研究员,​赞同 2,​添加评论,太棒啦，为我们国家的科研团队鼓掌 ~根据我打九价的经验，国内这些防疫机构在疫苗进价上都只加收几块十几块的费用，根本不赚钱，甚至很多地区都施行二价疫苗免收一针钱，就是为了推广更多人来打。现在有国产更便宜的疫苗，再加上减免补贴，会有更多人能打的起打的上，在消灭疾病的路上我们又往前进了一步~,编辑于 13:14
wwyy,​赞同 2,​1 条评论,比玩游戏充648强多了,发布于 09:55
富贵,​赞同,​添加评论,这简直是一个重大好消息！！要知道我可是排这个疫苗排了N月之久还没有轮到我，身边的小姐妹都是到香港打的，我只有羡慕的份！！昨天就刷到这个消息了！开心的像个200斤的傻儿砸！开心心！感谢我伟大的祖国！我爱国产！,发布于 16:36
离逝若风,​赞同 1,​1 条评论,我觉得还得看生产运输等环节是否做到位吧。另外我记得在哪里看过该疫苗生产车间通过gmp，但现在不是gmp逐步取消嘛，所以后续要关注飞检吧,发布于 00:00
心依旧,​赞同,​添加评论,我觉得这个事情对于普通人最大的好处大概是让许多人意识到了还有这个疫苗可以打,发布于 13:42
起来了bing,​赞同 1,​添加评论,这是一个重大的突破 造福全中国乃至全人类 将是一个新的里程碑希望能管控好研发-生产-注射-后期的每一个过程，慎重加慎重，不负众望,发布于 09:17
干货者,​赞同 1,​添加评论,希望，这个疫苗，不要被掺假，不要被良心泯灭的人山寨。能够是正品，不要像婴儿疫苗那样。,发布于 14:26
俩鸡的不定期日常,​赞同 1,​添加评论,值得高兴，希望质量很好 期待更优惠，感谢研发人员的付出，,发布于昨天 23:27
成七月,​赞同 1,​添加评论,HPV疫苗又称为宫颈癌疫苗。因为宫颈癌大部分（＞95%）由HPV感染导致。因此，通过注射疫苗来产生抗体，进一步防止HPV感染，可以有效防止HPV感染引起的宫颈癌。这也是目前最为主流的、受到充分论证的消灭宫颈癌的主要方法。这个2价4价9价是什么意思？HPV病毒目前已知的有约200种亚型。但导致宫颈癌的主要为其中的14种。而这14种病毒亚型中，16/18两种感染引起的宫颈癌占了80%以上。疫苗的价数指的是这支疫苗能够预防的病毒亚型数量。2价就是两种（16/18），4价和9价分别就是4种和9种。理论上而言，价数越高，可以预防的病毒亚型越多，对于宫颈癌的保护性越好。这支苗主要的服务对象是谁？如果不介意接种+路费花个上万，不介意排队或者黄牛加价，那去港澳台地区或者其他国家打9价苗是个目前很好的选择。但是我国还有数亿的中低收入妇女，你让她们花上万打一个疫苗这显然是不可能。因此，国产2价的主要服务人群就是这些妇女同胞。研发领头人之一曾经在一个讲座上说过，我们的目标就是服务我们国家大部分的妇女同胞，而不是让它只能成为少数人的专享。,编辑于 12:28
只会一下,​赞同 1,​9 条评论,当然是极好的事情。不过，男性到底能不能打？,发布于昨天 22:59
黄大铮,​赞同 1,​添加评论,很开心啊！对于我这种未婚女性可能影响还没那么那么大，毕竟 虽然贵，但是可以打进口的。但是对于三四十岁的女性简直是意义重大啊！我妈今年刚好45。我真的很激动，赶紧给我妈说了，还跟其他家里超过26岁的姐姐们说了～,发布于 09:33
扶栾扶栾,​赞同 1,​添加评论,现在香港9价1000多2000不到一针，进口二价基本没人打,发布于 14:50
乐多的可爱多,​赞同 1,​1 条评论,作为厦大医学生，不得不感慨一句 公卫牛批 滑稽保命,发布于 06:20
低头看不见脚下路,​赞同 1,​添加评论,是件好事，相比于进口疫苗，国产疫苗产量更大，花费更少，能让更多的妇女受益，毕竟几千上万也不是那么多人可以承受的起的。虽然现在获批上市的是二价疫苗，但也为我国HPV疫苗的未来开了个好头，4价9价在临床实验，20价也在研发中取得了突破。希望其他价型的疫苗尽快获批上市。 开心是肯定的，担忧也是有的，希望国家能够监管好疫苗，不要再出现假疫苗了。,发布于 00:22
走地鸡,​赞同 1,​添加评论,我一定会去打针的，虽然打针要哭我也会打的。心疼的抱住胖胖的自己。感谢所有的科研人员。,编辑于昨天 23:54
Constant,​赞同 1,​添加评论,问：这个疫苗你打的起吗？如果答案是打得起，那你就不用打了，宫颈癌的高危人群不是你。（除了从事某些特殊职业的）每年体检，TCT做一下即可。HPV DNA检测是TCT的下一步检测，与TCT联检意义不大。另外应该知道，HPV的价数不是越高越好，二价已经具有足够的保护能力。同时，价数越高需要更多的佐剂铝，相比于二价疫苗，九价疫苗会有更多的不良事件发生，可以到“非死不可”上搜索gardasil，看到国外长期上市之后产生的大量神经毒性不良事件。MSD 九价在中国上市也是有条件的批准，背后的事情没法说。另外，再说个我的猜想，宫颈癌的危险因素之一是“阴道长度与性伴侣阴茎长度之差”，现在确实没有这方面流调数据。因为，癌变不仅要有hpv的感染，同时需要宫颈表面（一般是鳞柱细胞交界）有破损才会让病毒侵入，这也是为啥HPV RNA阳性的相对危险度（RR）更高的原因。哎呀，羞羞羞( •̥́ ˍ •̀ू ),编辑于 15:26
吃乎者也,​赞同 4,​9 条评论,转基因。千万别用。出事故概率99%. 田园绘里菜在看着你。,编辑于 08:41
悠锦云,​赞同,​添加评论,近日，国家药监局批准首个国产双价人乳头瘤病毒疫苗（大肠杆菌）（商品名：馨可宁）的上市注册申请。人乳头瘤病毒(HPV)疫苗俗称宫颈癌疫苗，可用来预防女性宫颈癌和男、女生殖器癌以及生殖器疣。　　当前，全球仅有两家药企可生产3种HPV疫苗，分别是：　　■英国葛兰素史克公司生产的针对HPV16、18型的二阶疫苗;　　■美国默沙东公司生产的针对HPV6、11、16、18型的四阶疫苗;　　■美国默沙东公司生产的针对HPV6、11、16、18、31、33、45、52、58型的九阶疫苗。　　此次获批的双价人乳头瘤病毒疫苗(大肠杆菌)系国内首家申报生产的HPV疫苗，这将成为全世界第三家、中国第一家获批的宫颈疫苗，意味着中国宫颈癌疫苗将结束只能依赖进口的历史。,发布于 12:58
一只程序员,​赞同,​添加评论,不知道社区医院能不能打，每个月300打三次就可以，真的算便宜的了,发布于 12:05
海鸥,​赞同,​添加评论,天呐！我本来打算攒攒钱，这个寒假预约第一针！现在省了一大笔钱hhh,编辑于 01:22
甘丽玮,​赞同 5,​6 条评论,怪不得之前说数量有限，限制年龄，年纪大的女性不给打，操他妈的原来之前是进口的，有关部门是想把钱自己挣了，现在打国产应该逐渐不限量了。,发布于 10:36
科技下午茶,​赞同,​添加评论,除了价格，大家可能更关心效果和安全,发布于 14:33
灯灯,​赞同,​添加评论,以为是九价，心想这是进口的三分之一呀厉害。点开一看是二价，嗯，我不是针对产地，我是说所有二价，和女性的四价，都是鸡肋。男性接种四价就够了，但是女性的话，有条件还是直接接种九价吧，不然以后想要补种比较麻烦。,发布于 16:20
liuliuliu,​赞同,​添加评论,首先，我觉得 HPV 疫苗国产的疫苗研发出来，真的是可喜可贺的大事。同时，我觉得如果它的价格能够更低一点，就更好了。在德国，一般认为HPV疫苗的最佳接种年龄为9至14周岁。在中国咨询登记的女性大多为70后、80后和90后，皆已超出最佳年龄范围。实验结果表明，该疫苗对于大于18岁的女性同样有效。德国罗伯特·科赫研究所的格拉斯马赫(Susanne Glasmacher)在接受采访时表示，德国疫苗常务委员会再三强调，即使是超出最佳期限，宫颈癌疫苗也依然可能发挥良好的效果。决定是否接种疫苗时，还应结合自身条件并征询医生的建议。,发布于 09:19
奶爸向前冲,​赞同,​1 条评论,价格是贵了一些，但是贵应该有他贵的道理，除非政府补贴，价格有可能亲民一些,发布于昨天 23:47
ting,​赞同,​添加评论,抛开进口还是国产的问题，说本身HPV疫苗的意义。踩着年龄尾巴在北京私利医院的打得9价。昨天没事刷微博，不小心看到了尖锐湿疣的病例图片，看完整个人都不好了，所以感觉这个疫苗真的还有必要，话说我今年体检报告癌基因检测中宫颈癌的病发风险真的很低，所以还是很有意义的。,发布于 13:54
lili,​赞同,​4 条评论,匿了吧。恭喜我国不知道甚至知道而没接种的女性朋友们！其次作为一名有女儿的父亲，如果我女儿接种我还是会选择进口的。当年身边有被三鹿“祸害”的孩子，身边有疫苗“祸害”的孩子..都是事态扩大才被“及时”制止。 闺女打针血管太瘪多扎一针我都会偷偷抹眼泪，你猜我会节约那1000多块钱吗,发布于 12:33
绿洲,​赞同,​添加评论,价钱到是其次的，首先让人高兴的是，国产疫苗的上市代表能量产了，可以让更多人受益。之前在我们这的医院预约排号等着扎进口的疫苗，等了小半年终于通知排到我了，结果因为正在感冒没扎上，错过了还要重新预约，嫌麻烦就不排了。这回好了，等国产的批量上市。,发布于 09:16
yofensan,​赞同,​添加评论,再次对国内十几年里禁止HPV疫苗进口表示愤怒。起码上亿女性失去了最佳接种机会，使患宫颈癌几率大增。也因此摧毁了众多家庭。 研制国产疫苗是应该的，但研制的同时，为什么不以民众健康为重，同时尽可能推广进口疫苗接种？ 近年也只是部分放松了相对落后的进口HPV疫苗，但量很少，限制很多，几乎成为权利勾兑的工具。不仅仅是HPV，近些年打疫苗还得走后门越来越普遍。 最后，现在国产疫苗上市，先认可其保护作用。但有经济能力的年轻女性还是应该尽可能注射进口疫苗，获得更全面的保护。 国产疫苗更适合经济条件差，或者年纪大注射进口疫苗效益较低的女性。,发布于 14:10
出水芙蓉,​赞同,​添加评论,不知疫苗的安全性如何？,发布于 11:49
daijun211,​赞同,​4 条评论,个人不太认可国内的疫苗质量，原因有二，一是生产质量，二是冷链控制之前我体检时发现自己没有乙肝抗体，于是就去打疫苗。一开始打了两次国产的，结果还是没有抗体，后来第三次打了进口GSK的，这才有效了。从此不再信任国产疫苗,发布于 09:18
聚商圈集团,​赞同,​添加评论,这个问题是既然HPⅤ疫苗获上市，就充分证明是国家审批检测了的，可以放心使用，定价适,发布于 08:16
小飚,​赞同,​添加评论,"哈哈，昨天下午还跟老婆说这事儿来着，让她去打！投资健康<img src=""https://pic1.zhimg.com/50/v2-a7e48a7aa395ca1f261cfce3e0993a17_hd.jpg"" data-rawwidth=""813"" data-rawheight=""1338"" data-size=""normal"" data-default-watermark-src=""https://pic1.zhimg.com/50/v2-dde85e38aae7a54e59dc05f78a02f143_hd.jpg"" class=""origin_image zh-lightbox-thumb"" width=""813"" data-original=""https://pic1.zhimg.com/v2-a7e48a7aa395ca1f261cfce3e0993a17_r.jpg""/>",发布于 02:28
玄烨寺,​赞同,​添加评论,人类的福音，中国的福音！,发布于 15:35
有点理想的医博生,​赞同,​添加评论,竞争格局很难突破。同效价的有GSK希瑞适，4价9价有默沙东佳达修。但是毕竟是国内制造.，我认为在基层市场还是有一定市场空间。,发布于 05:54
小姿,​赞同,​1 条评论,我只能说太棒了！！！我等了太久！！！为了这个没有性生活整整二十年。我太难了！,发布于 13:56
杨子青,​赞同,​添加评论,道阻且长，希望9价早日问世。为00后和10后的小仙女们祝福，也期待我国的长期宫颈癌预防队列做的越来越好,发布于 13:13
一个没文化的人,​赞同,​添加评论,"只希望九价快点上市我太迫切了深圳摇号一直摇不上其它地区有没有九价可以打（除非出境但是 香港假疫苗你也是懂得）无奈 我今年已经二十了不知道能不能等得到<img src=""https://pic3.zhimg.com/50/v2-c2bfa0667334df815117ab256bdb09fc_hd.jpg"" data-rawwidth=""440"" data-rawheight=""440"" data-size=""normal"" data-default-watermark-src=""https://pic2.zhimg.com/50/v2-cf4e72ab784fe6e2155287f5e17adb25_hd.jpg"" class=""origin_image zh-lightbox-thumb"" width=""440"" data-original=""https://pic3.zhimg.com/v2-c2bfa0667334df815117ab256bdb09fc_r.jpg""/>加油加油冲冲冲",编辑于 12:05
刘宇,​赞同,​添加评论,不要长生疫苗第二就好,发布于 11:26
汤非汤,​赞同,​2 条评论,为什么国外免费打啊。,发布于 11:12
梦韵千古,​赞同,​2 条评论,您好我想问下我女朋友23岁了 我26她还没接种疫苗，她如果要接种了我还用接种吗？,发布于 10:03
张栾,​赞同,​添加评论,绝对支持，打破进口高价垄断。,发布于 09:58
阳台上的蘑菇花园,​赞同,​添加评论,我觉得之后会让男性可以打这个二价疫苗，而不是现在的不能打。,发布于 09:37
黄俊,​赞同,​添加评论,挺好的，之前好像要一千多一支，现在为中下阶层人民带来福利，真好,发布于 08:57
Hins Chu,​赞同,​1 条评论,一提到国产疫苗我他妈就像呵呵,发布于 07:25
紫川林河,​赞同,​1 条评论,挺好的 希望九价也能尽快上市但有几个困惑是否能达到国外疫苗相同的效果？量是否有保证？是否能大规模的推广开？在英国 所有12-13岁的女生必须强制接种hpv疫苗（免费接种）疫苗有效范围涵盖9-45周岁希望我们有一天不说免费接种 能纳入医保范围 让更多人都接种PS：有条件的可以让自己男朋友或老公也去接种,编辑于昨天 22:57
原谅我红尘颠倒,​赞同,​添加评论,刚打完四价的大龄青年，情何以堪823*3=2469,发布于 11:49
Sunshine,​赞同,​添加评论,医学越来越发达了，越来越多这种病可以被治好，人的寿命越来越长。,发布于 12:35
ATPs,​赞同,​添加评论,现在都9价了，国产的二价…优势就是便宜吧。,发布于 16:36
鱼妈说,​赞同 1,​添加评论,前不久在家里卫生防疫站预约到了9价，一针1300多。。。一对比，瞬间感觉到国家逐渐强大的好处,编辑于 12:38
小皮猪,​赞同,​7 条评论,具体国产HPV疫苗不清楚，说说我自己在美国的经历吧。男生，因为看之前同学都去打了，反正保险全部cover，何乐而不为呢？在美国这边的校医院打的HPV9价疫苗，一共三次，第一次2019年9月份，第二次是2019年11月份，第三次医生说因为怕我忘了到时候会给我电话通知，应该是2020年3月份。一共是$200*3次，差不多600美金，保险全部cover。这样看来其实国内进口9价疫苗价格也差不多。,编辑于 02:01
古古丁,​赞同 16,​33 条评论,如果国内的疫苗真的质量能于国外同等，那么这个价格确实是造福广大人民群众了。但现实是，孩子打疫苗能打进口绝不打国产，这已经是铁律了。所以，这329元一支的疫苗意义何在？,发布于昨天 22:09
April,​赞同,​2 条评论,看到很多人问男生需不需要打男生是可以接种的，因为这本就应该男女都打效果才最好。你想想你女朋友如果没打，她携带的病毒会不会感染你呢？还有就是你不打，你传染女性也是可能的。虽然男性不会得宫颈癌，但是可能患上一些良性病变如跖疣、尖锐湿疣等虽然这几种良性病变不致命，但是处理起来都是相对麻烦，花的钱也不比打疫苗少，而且容易复发。最后的建议是，打疫苗的时间最好在第一次性生活之前，推荐价数是从高到低，能打高价的不要打低价，高价就是比低价好，那些差价不值得冒险选择低价。,发布于 07:47
伊芸,​赞同,​2 条评论,我朋友说上市是指在小白鼠身上实验成功没有毒性，所以上市是要在人身上试验，问我是否愿意拿钱去做人体试验品，突然怂了。,发布于 13:27
乔拉,​赞同,​添加评论,支持国货 自己的肯定放心,发布于 13:21
天眼查,​赞同,​3 条评论,只能说钱是真香。两天前攻破阿兹海默被知乎嘲讽那叫一个狠。就不怕这个也是个政绩工程？牛皮吹太大了，总让人觉得还是进口才行。感觉美国FDA不批，真的不敢信。,发布于 10:45
超爱幻想的汪,​赞同 4,​添加评论,"去年的疫苗事件之后，很多人对国产的疫苗存了顾虑，要想重建信任不容易。而这次国产HPV疫苗的生产厂家厦门万泰对大多数人来讲是名不见经传的，想要保持观望也在情理之中。厦门万泰是迄今为止首家与全球最大的疫苗公司葛兰素史克（GKS）结成合作伙伴关系以共同开发实现疫苗的商业化的中国疫苗企业。2019年9月6日，万泰与GKS正式签订了全球合作协议，联合开发并商业化新一代佐剂HPV疫苗。<img src=""https://pic4.zhimg.com/50/v2-83133cbe582f7028978325326499aee3_hd.jpg"" data-rawwidth=""1080"" data-rawheight=""720"" data-size=""normal"" data-default-watermark-src=""https://pic3.zhimg.com/50/v2-7cd6903073611c4ad8c960b4c3bbb296_hd.jpg"" class=""origin_image zh-lightbox-thumb"" width=""1080"" data-original=""https://pic4.zhimg.com/v2-83133cbe582f7028978325326499aee3_r.jpg""/>签约仪式被GSK所看中的抗原技术就是利用DNA重组技术在大肠杆菌中表达蛋白的核心平台，使之应用于疫苗生产。基于这个平台，世界上第一个戊肝疫苗--益可宁于2012年10月在中国上市。此外, 宫颈癌疫苗--馨可宁（HPV16&18两价）于2019年12月31日获批上市，HPV九价疫苗则刚结束II期临床试验。今天（2020年1月3日）下午，馨可宁开始正式生产了，预计5月份能上市。国产第一支宫颈癌疫苗正式生产！9―14岁只需要接种两针--社会--人民网​society.people.com.cn 近年来，HPV疫苗受到了越来越多的关注，但全球范围内都存在供应不足的情况。虽然有条件的可以选择到香港等地接种九价疫苗，但也只是杯水车薪。国产的二价疫苗能为更多的女性带来保护就是最大的意义了。",编辑于昨天 22:52
李子晗,​赞同 5,​添加评论,无脑说一下我的第一反应。鉴于国内医药学研究领域zaojia风气，我更愿意打进口的。,发布于 00:52
草长莺飞,​赞同 24,​7 条评论,"HPV疫苗的专业知识其他知友都普及得差不多了，天眼妹再来炒个“冷知识”吧(・∀・)我国首个国产HPV疫苗，其实和农夫山泉是一家人喔。<img src=""https://pic3.zhimg.com/50/v2-eaa949fb1e60601d4bab5f1f482d14c5_hd.jpg"" data-rawwidth=""1280"" data-rawheight=""943"" data-size=""normal"" data-default-watermark-src=""https://pic4.zhimg.com/50/v2-ca5c8b15f65836656dce2f5ee857dfa7_hd.jpg"" class=""origin_image zh-lightbox-thumb"" width=""1280"" data-original=""https://pic3.zhimg.com/v2-eaa949fb1e60601d4bab5f1f482d14c5_r.jpg""/> <img src=""https://pic1.zhimg.com/50/v2-a7aa29ca414549e00534e27cc8e45b6b_hd.jpg"" data-rawwidth=""828"" data-rawheight=""1792"" data-size=""normal"" data-default-watermark-src=""https://pic1.zhimg.com/50/v2-55d04b33d4cbd6ec4009cfcdd28d66b8_hd.jpg"" class=""origin_image zh-lightbox-thumb"" width=""828"" data-original=""https://pic1.zhimg.com/v2-a7aa29ca414549e00534e27cc8e45b6b_r.jpg""/>嘿嘿，有点甜。",发布于 13:29
短歌,​赞同 7,​6 条评论,很好，很好用。用了长命百岁。吊打进口药，很优秀。 口区，还举报。呕,编辑于 12:36
给肖战养喵,​赞同 3,​8 条评论,马上打第三针九价我很好奇为什么国产双价9-45岁都可以接种而进口的二四九价就有年龄划分呢,发布于昨天 18:35
知否,​赞同 3,​3 条评论,开心，前一阵还在研究怎么帮女朋友约疫苗，希望国产九价也赶快上市。感谢研发人员！,发布于昨天 18:32
独孤泠潇,​赞同,​添加评论,太了不起了！,发布于 03:48
小乙揸火箭,​赞同 3,​添加评论,挺难受的。看到这个消息我第一个想法：能打吗？别打了不管用啊……我23，我觉得，三年内国内疫苗的公信力还不足以提高到让我选择它。我还是选择明年做好功课打进口的。希望祖国越来越好。,发布于 01:10
sagittarius,​赞同 3,​4 条评论,想知道国产2价疫苗是否也有交叉保护功能,发布于昨天 16:47
种下鱼的猫,​赞同 2,​添加评论,站在一个科研学者的角度来讲，并不怀疑Hpv疫苗的可靠性，确实可以起到很好的防范作用，但是该疫苗的价格仍然是属于炒作，我们可以将之定义为网红疫苗。但这绝不是对网红疫苗的否定，既然是网红，那就是属于普通大众的需求，无论是生理性还是心理性，接种该疫苗仍然属于大众倾向。做科研的必摆脱不了国内社会环境，因此，HPV疫苗的自主研发属于必然，价格虽然较之前有所改变，但是如果没有这种门庭需求，也不会有这样的价值定位。最后，建议有条件的可以去接种，没有坏处。认为不值的就不用纠结要不要破费了，从概率上分析，后悔没接种的可能性不算太大。,发布于 10:37
刘菲儿,​赞同 2,​添加评论,提个问题，希望有人能科普，这个疫苗怎么保证效果？,发布于昨天 17:19
雨下个不停,​赞同,​1 条评论,间接高度相关。作为在厦大公共卫生学院待了七年的人，对于这个,发布于 12:41
给心情好好放个假,​赞同 2,​4 条评论,不理解为什么不让我的答案显示，以下是原答案：以后可以向外国人售卖健康之旅，定价人民币4999，内容包含来中国疫苗费用，和部分旅行支出。产品slogan就是原来一针的钱是现在一趟旅行的钱。来吧，老外们，China欢迎你。医疗业带动旅游业，赚别国人民的钱。有点激动，想想多年前，我们买个正品的包包还要去国外舔买。真是，风水轮流转。,编辑于 00:56
毕格豪斯,​赞同 2,​3 条评论,不是很清楚，这个跟我们说的二价、四价、九价是什么关系？馨可宁相当于几价呀？ 利国利民～希望早日安排,发布于昨天 15:23
璐白,​赞同 1,​3 条评论,2019年，打完 九价疫苗，花费 40002020年 国产hpv 329元一支 是谁在逗我，我要打你。,发布于 14:12
轩辕涟音,​赞同 1,​添加评论,"无邀请自来，看到这个话题充上热点了，内心止不住激动与感激，国人终于研究出了自己的首批宫颈癌预防疫苗，预计5月份就可以在社区卫生服务中心见到，虽然话说是相当于进口的二价，但是价格329元一针而且预防两种高危型HPV病毒感染，大多数对宫颈病变预防有一定认知的人应该还是可以接受的，比起进口的真的便宜很多，简直是造福广大女性的知音，话题充上热点了也说明宫颈癌预防国人也越来越重视了，但是现实中其实还是很多偏大龄的女性并不知道这种东西，因为没有怎么宣传普广泛，大家脑海意识里并没有觉得重要性以及认可，而且也不太信任包括还有因为之前长生疫苗那个事件，my mother也是如此，我想给她灌输这种理念让她也去接种这种宫颈癌疫苗，虽然年纪也偏大了才去打这种疫苗可能作用都不大，但是觉得预防还是有必要的，但是她的内心打心底是拒绝的：<img src=""https://pic1.zhimg.com/50/v2-fd4c7417f8e60974f5ec6b3dffc742a0_hd.jpg"" data-rawwidth=""828"" data-rawheight=""1249"" data-size=""normal"" data-default-watermark-src=""https://pic4.zhimg.com/50/v2-eb09abcde82422d4400c1bb3271c6885_hd.jpg"" class=""origin_image zh-lightbox-thumb"" width=""828"" data-original=""https://pic1.zhimg.com/v2-fd4c7417f8e60974f5ec6b3dffc742a0_r.jpg""/> <img src=""https://pic2.zhimg.com/50/v2-0b384b3f7700c3ff6a21682d75710e93_hd.jpg"" data-rawwidth=""640"" data-rawheight=""1224"" data-size=""normal"" data-default-watermark-src=""https://pic2.zhimg.com/50/v2-cd8ebd0ddcf874126f999b8f5ed6f2c4_hd.jpg"" class=""origin_image zh-lightbox-thumb"" width=""640"" data-original=""https://pic2.zhimg.com/v2-0b384b3f7700c3ff6a21682d75710e93_r.jpg""/> <img src=""https://pic3.zhimg.com/50/v2-50385071b6800c69105b245ad6eab45c_hd.jpg"" data-rawwidth=""828"" data-rawheight=""1277"" data-size=""normal"" data-default-watermark-src=""https://pic2.zhimg.com/50/v2-6d1b0877d05149b6a6f17ecbd3a0ba7c_hd.jpg"" class=""origin_image zh-lightbox-thumb"" width=""828"" data-original=""https://pic3.zhimg.com/v2-50385071b6800c69105b245ad6eab45c_r.jpg""/>可能我自己对这方面深入的知识比较薄弱，不知道该怎么样正确切入去灌输这个事情，所以她无法接受，但是最后我还是会尊重她的想法，因为也确实临近超龄了作用可能真不大，打了也不是说百分百杜绝宫颈病变，到了这个年纪就是要定期筛查做好第二防范更重要。另外也知道在她不认可之前也肯定不支持我去接种这种疫苗，所以自己预约的九价只字未提起过，九价的接种年龄限制是16岁～26岁，目前都是只有依赖进口而且数量极少国内接种排队排个几年也不夸张，需求量太多疫苗数量稀缺。其实在发达国家这种疫苗都是在学校校卫队的时候就直接接种九价了，只是国内也是近几年才开始慢慢普及接种的重要性跟有必要性，而且九价数量稀缺价格也偏高一针难求国内接种还受年龄限制16～26岁之间才可以，有些人等好不容易排到了估计年龄又过了又不能打了，所以很多人不惜代价远赴香港、韩国、美国、马来西亚等去接种九价疫苗，而且接种又是分三次，不仅耗费财力也耗费时间精力，所以这些我就不会考虑了，我还是选择国内排队等待预约，2019年5月份刚预约登记的，当时候显示前面排队竟然有三千多人，不知道什么时候才能轮到然后也就没有怎么去关注了，然后昨天看到这个热点才想起来自己也有预约过，所以上公众号去看了下，截止至目前为止排队排了8个月前面还有830人，如果幸运的排上我了我也还是会坚持毫不犹豫的去接种九价，姐妹们对自己好点没有错……<img src=""https://pic3.zhimg.com/50/v2-98adb97a16dc9065dda166475a1b100f_hd.jpg"" data-rawwidth=""640"" data-rawheight=""514"" data-size=""normal"" data-default-watermark-src=""https://pic1.zhimg.com/50/v2-096c62a885cc9a69ec1fc320b8248161_hd.jpg"" class=""origin_image zh-lightbox-thumb"" width=""640"" data-original=""https://pic3.zhimg.com/v2-98adb97a16dc9065dda166475a1b100f_r.jpg""/>前面还有830人排队……<img src=""https://pic4.zhimg.com/50/v2-566338ae2a13e5f05ae8323640580a64_hd.jpg"" data-rawwidth=""799"" data-rawheight=""723"" data-size=""normal"" data-default-watermark-src=""https://pic2.zhimg.com/50/v2-c1cec69e8259adf031afad1621c39555_hd.jpg"" class=""origin_image zh-lightbox-thumb"" width=""799"" data-original=""https://pic4.zhimg.com/v2-566338ae2a13e5f05ae8323640580a64_r.jpg""/> <img src=""https://pic2.zhimg.com/50/v2-e6fb43197f2d69e0a38a625eef79561f_hd.jpg"" data-rawwidth=""803"" data-rawheight=""1213"" data-size=""normal"" data-default-watermark-src=""https://pic3.zhimg.com/50/v2-f4eb564a974efe093b719e0e114107a8_hd.jpg"" class=""origin_image zh-lightbox-thumb"" width=""803"" data-original=""https://pic2.zhimg.com/v2-e6fb43197f2d69e0a38a625eef79561f_r.jpg""/>",编辑于 13:13
冰糖茶,​赞同 1,​1 条评论,我是男生，20多了，无性生活史。前年去美国打的9价。国产hpv疫苗出来了，很高兴，但是也轮不到男人打，甚至现在主流媒体提都不提男人也是可以打这个疫苗，很失落,发布于 12:14
锐她丶,​赞同 1,​添加评论,我觉得和公信度有关系，上次过期疫苗事件就有点轻打轻放。食品也是有类似的问题...如果能有个严惩机制，我觉得大家都会对国产有信心。还有就是其实5060后的很多人到现在还对国产货抱有不信感..,发布于 12:12
背影,​赞同 1,​添加评论,这个价格很良心了。在医药行业呆了一年多，才明白医药研发的投入有多大。很多研究成果，想要商业化，其成本又是一笔天文数字，而且还不一定成功，尤其是生物医药产品，失败风险极高。即便成功了，后期生产成本，也不低的！！！所以，对新药，不要抱怨价格高。如果有利润，良性循环了，则会有其他企业竞争，价格会慢慢帐归理性，会越来越平价。如果是仿制药，价格不会高到哪里去的。不要对高价抱敌视态度，因为在这之前，再高的价也买不到。有人投入，有人生产，真的是好事。英美国家为了钳制他国研发新药，成立了MPP和WHO PQ体系。确实造福了不少弱小国家；但对于想复兴的中华，这套体系的由于有利可图，易于让有研发能力的企业将精力放在仿制药和WHO PQ市场，从而无形中消耗新药研发能力！！！从而很多新药，咱都得从国外进口，授权成本极高，还很被动。价格虽然看上去便宜，但国内无竞争对手，无良性循环，终究没法真正利国利民。我是穷人，对价格敏感，但对于新药研发成功，价格高点儿也十分高兴和支持。就好比华为5G手机虽然贵，但毕竟是自有技术，利国利民；而小米这公司，用高通的次要技术，把小命给美帝捏着，走联想老路，其生产的5G手机表面上便宜，实际代价很高，于国于民危害也大。我想说的是什么呢：不要抨击勇于创新的企业丶个人收高价，要包容和鼓励，才会有更多创新者，更多优化技术，更多竞争者，从而价格将趋向平价和理性，消费者才能长久受益，于国于企业，小命才能长久。,发布于 12:12
Leghw,​赞同 1,​添加评论,"国内出二价已经是一个很好的开始了，秉持观望一阵的态度也是很正常且可以理解的。（就是个普通人，对于专业方面没有很多知识了解）但不得不说未来几十年里面，造福的都可以是我们子女！很多也选择去香港打Gardasil的9价，这也是目前来说我认为最好的一个选择！我当时打的好像是6000左右9价，妈妈之前打的4价现在也去补打9价的！（附图）<img src=""https://pic2.zhimg.com/50/v2-8e7cf71c403f1fe5223d36f405c48b78_hd.jpg"" data-rawwidth=""2560"" data-rawheight=""1920"" data-size=""normal"" data-default-watermark-src=""https://pic2.zhimg.com/50/v2-7f517da88a597263ddee30898b7c1b09_hd.jpg"" class=""origin_image zh-lightbox-thumb"" width=""2560"" data-original=""https://pic2.zhimg.com/v2-8e7cf71c403f1fe5223d36f405c48b78_r.jpg""/> <img src=""https://pic1.zhimg.com/50/v2-7a4123fe88ee50585db8fcfc60428a2b_hd.jpg"" data-rawwidth=""2560"" data-rawheight=""1920"" data-size=""normal"" data-default-watermark-src=""https://pic4.zhimg.com/50/v2-893a878d91e88130bcc7478bc0d2983f_hd.jpg"" class=""origin_image zh-lightbox-thumb"" width=""2560"" data-original=""https://pic1.zhimg.com/v2-7a4123fe88ee50585db8fcfc60428a2b_r.jpg""/>不过前面也有很多人说了，国产9价也不会太远。国产的普及之后收益群众会大幅度提高！",发布于 11:51
Daenerys的老公,​赞同 1,​添加评论,是好事，只要质检过关，这是百分百的好事。突然觉得学医造福人类。向研发团队致敬。,发布于 11:26
谈月色,​赞同 1,​添加评论,作为普通中年妇女一员，在我三十岁以前的生涯，一直以为宫颈癌不可治愈，更不可预防。直到HPV疫苗问世，让我看到了希望。可是，刚开始问世的疫苗只能针对年轻人，对儿童效果最好，我期盼着针对我这个年龄的疫苗问世。终于，我这种年龄打的疫苗也问世了，我可以打疫苗了，再也不用提心吊胆了。可是价格昂贵不说，疫苗还供不应求，每次去防疫站，那里的人都说再等等。如今，终于等来了国产HPV疫苗，价格便宜，适用人群范围广。等了那么多年，你说我激不激动。我、我的女儿、我的女性亲朋好友，再也不用担心宫颈癌了。感谢党，感谢政府，感谢研发人员！让我们这群普通大众也能打得起这种疫苗！,发布于 11:00
Alan,​赞同 1,​添加评论,谁会在意多少钱阿 别给我们打假疫苗就行,发布于 09:37
Durian,​赞同 1,​添加评论,还是优先选择进口的。不相信国产的，各行各业造假太厉害了（仅代表个人观点）,发布于 08:59
Echo,​赞同 1,​添加评论,能取得成果，当然欣慰，普惠大众，尤其是中国有这么多收入低的人口。我仍然感到悲哀，为这个国度,发布于 03:27
李先生,​赞同 1,​添加评论,坚决不打国产的 命要紧去年的假疫苗事件还没完呢 qnmd,发布于 02:00
胡桃夹子红舞鞋,​赞同 1,​3 条评论,之前的疫苗事件已经透支了国人的信任，让中国的家长们谈疫苗色变，这就是负面影响。但是作为农村孩子的妈妈，医疗条件有限，打疫苗的意识更差，基本上国家免费打什么疫苗才接受什么疫苗。这样的价格在广大农村（人均年收入不足3000），基本没有市场。对于城市父母而言，1000多的进口的就比国产的安全，咬咬牙就选进口的。我这样区分，没有地域歧视，谢谢理解。,发布于 00:02
JennyXu,​赞同 1,​1 条评论,先观望数月，再决定是否去打。,发布于昨天 22:04
瀟瀟,​赞同 20,​添加评论,我真的希望国家能尽到监管的义务，我不希望支持国产的结果是至亲承担假疫苗的毒害。,发布于昨天 21:54
czh,​赞同 1,​添加评论,婴儿疫苗警告,发布于 08:48
肖潇,​赞同 1,​2 条评论,如果不是仿制的我保证我会激动地哭出来。,编辑于昨天 21:41
热心市民小张,​赞同 20,​2 条评论,妹妹今年14岁。估计在她14生日之前可以普及。先攒攒钱带她去打两针，等以后工作了我还没有26，再去打三针 家里是农村的，家里长辈都不太懂这些。谢谢科研人员的付出。,发布于 00:25
阳光健康水果零食分享,​赞同,​添加评论,好像这种疫苗一出，有些人能够恢复健康，更有些人能够肆无忌惮的性生活！ 还是得普及性生活的知识吧！,发布于 16:37
玄月,​赞同,​添加评论,恭喜国产疫苗研发成功，但是，呵呵，不建议打。为什么？因为疫苗它首先是个生物药品，和化学药品最大的不同就在于，它非常不稳定。生产过程，运输过程，任何一点小问题，哪怕只是温度的变化都会让疫苗变质，变质的生物药品注射进人体有多可怕！之前的疫苗事件大家都看到了咯，后果难以想象不是国产的疫苗不好，实验室研发人员真的很辛苦，很厉害，非常佩服。但是生产过程，运输过程不归研发人员管啊，承接生产运输的药厂，真的让人信得过？国产药厂最大的问题就是质量控制做的不好，进口的疫苗，全部是在国外生产制备，再一路在严格的质量控制标准下运输到国内，就我曾经服务过的某家外资生物药企来说，全程链路监控，每一批药品坐哪个航班，控制什么温度，几点几分到达哪个城市，都是经过严密地规划，并且全程监控可追溯，确保最大程度的安全。疫苗这类生物药品的安全性，几乎可以说是最重要的了，研发出来但没有足够的安全性，一样是没用。至于国产药企对于质量控制是什么尿性，大家自己体会吧。,发布于 16:26
盲人骑瞎马,​赞同,​添加评论,进口九价约不到啊，年龄也快到了，万泰这个公司目前有在合作，不过是关于发光免疫那方面的,发布于 16:20
梅林,​赞同,​添加评论,价格很美丽，我一个折腾了一年多终于排上了9价打了2针的人，很是羡慕（真的不是因为穷)(才怪）毕竟2价就能预防97%的病毒，如果没打9价，我会转向2价的。后面那2%我不太care其实 至于安全性？可靠性？反正我，中国的狂热粉，肯定相信国家必然是研究好了，实验好了才会允许公众打的啦,发布于 16:12
我还是个宝宝,​赞同,​添加评论,我还在想，要不要去打，敢不敢打，有没有用……,发布于 15:44
阡陌之风,​赞同,​添加评论,这个疫苗是什么？有什么用？HPV疫苗又称为宫颈癌疫苗。因为宫颈癌大部分（＞95%）由HPV感染导致。因此，通过注射疫苗来产生抗体，进一步防止HPV感染，可以有效防止HPV感染引起的宫颈癌。这也是目前最为主流的、受到充分论证的消灭宫颈癌的主要方法。 这个2价4价9价是什么意思？HPV病毒目前已知的有约200种亚型。但导致宫颈癌的主要为其中的14种。而这14种病毒亚型中，16/18两种感染引起的宫颈癌占了80%以上。 疫苗的价数指的是这支疫苗能够预防的病毒亚型数量。2价就是两种（16/18），4价和9价分别就是4种和9种。理论上而言，价数越高，可以预防的病毒亚型越多，对于宫颈癌的保护性越好。 现在都有9价了，2价太落后了没有价值。如上一点所说，2价已经可以预防80%以上的HPV导致的宫颈癌了，因此实现的是“雪中送炭”。而后续的往上叠加的，都属于锦上添花，实质性的提升并不大。尤其对于中国人群而言，2价疫苗甚至可以覆盖90%的宫颈癌风险。 我们自己的疫苗技术都不行么？这支疫苗由厦门大学国家传染病诊断试剂与疫苗工程技术中心研发，由养生堂旗下的万泰生物承接产业化。这个疫苗项目在02年立项，20年上市，中间18年的研发工作，凝聚了数代研究生的心血。 疫苗的核心技术由实验室自主研发，目前在国际上处于领先地位。有多领先呢？同样是这个研发及生产组合，另一个产品是全球首支戊肝疫苗“益可宁”。而同样是这个实验室，目前掌握了全球唯一新一代HPV疫苗的核心生产工艺，这个项目现在和GSK正在进行合作研发。 这是一个什么样的实验室？24小时实验室都有人在做实验，标准工作时长13小时/天，一周6天。所有节假日几乎全部没有。实验室主任，项目主持人，厦门大学公共卫生学院院长，夏宁邵教授经常说的一句话就是，做我们这一行的，还是要有情怀的。 虽然挺头秃的，但实验室氛围和成果还是挺让人开心的。 安全性如何？光临床实验就做了十年。 这支苗主要的服务对象是谁？如果不介意接种+路费花个上万，不介意排队或者黄牛加价，那去港澳台地区或者其他国家打9价苗是个目前很好的选择。 但是我国还有数亿的中低收入妇女，你让她们花上万打一个疫苗这显然是不可能。因此，国产2价的主要服务人群就是这些妇女同胞。研发领头人之一曾经在一个讲座上说过，我们的目标就是服务我们国家大部分的妇女同胞，而不是让它只能成为少数人的专享。 我是男生我能打么？男生打了也是对伴侣的一种保护，有这个想法的男生都是珍宝，小姐姐们快关注。 以前的话因为价格高、产量低，所以不可能给男生打。以后我们自己的苗出来了，产量会非常大，因此在未来男生也可以打，没有问题，但是还需要在男性群体中补做临床试验并证明有效。 -意思一下的分割线- 看了下大家的提问，发现几个之前没考虑到的问题。 国产的二价什么时候能打？现在已经在厂房里生产了。预计是5月份就可以在各社区医院见到了。2020预计产能在800万。 男生这次能不能打？不能不能不能。重要的事情说三遍。一定要先满足小姐姐们的需求。 45岁以后能不能打？不能。以后产能更大了或许可以。但短期内不行。 会有国产的9价么？国产9价二期已经做完了。三期临床正在筹备。同时，为了满足“价数越高效果越好老子就是不差钱”的需求，我们还有20价。 进口9价卡年龄的原因是什么？国产的会卡么？首先要明确，HPV是通过性接触传播的一种病毒。所以最理想的接种效果是在第一次性行为前。我国26，美国十多这个年龄限制，就是基于此卡出来的。 而默沙东的生产工艺昂贵而且效率低，很难满足全球的疫苗需求。所以为了保证有限的疫苗获得最大的接种收益，对于年龄的限制就会比较严格。 而我们的疫苗工艺成本低，生产效率高，可以预计的产能绝对比他们的大，所以未来可能会适当放宽年龄限制。 这个是仿制的还是完全自主研究的？完完全全自主研究的。,发布于 15:34
爱吃的胖子,​赞同,​1 条评论,"别的不知道也不懂，反正已经有人转发关于 国产HPV上市，一场针对中国人的灭族大战开始了的推文了。骂也不好骂，删也不好删。<img src=""https://pic3.zhimg.com/50/v2-06b0f3d630e8e8a7a1994ecd0dbdbf11_hd.jpg"" data-rawwidth=""1080"" data-rawheight=""2160"" data-size=""normal"" data-default-watermark-src=""https://pic3.zhimg.com/50/v2-06b0f3d630e8e8a7a1994ecd0dbdbf11_hd.jpg"" class=""origin_image zh-lightbox-thumb"" width=""1080"" data-original=""https://pic3.zhimg.com/v2-06b0f3d630e8e8a7a1994ecd0dbdbf11_r.jpg""/>",发布于 15:23
骑猪难下,​赞同,​添加评论,"虽然不是女的，但是对于刚毕业的人，329还是打不起。虽然价格已经降了很多，但是这种以预防为主的药物，根本不是我这种穷人可以考虑的。明明是好事但是一股说不出的悲伤涌上心头。<img src=""https://pic2.zhimg.com/50/v2-7816ef1f74b32f6e5a36e18ee64f9f0d_hd.jpg"" data-rawwidth=""720"" data-rawheight=""735"" data-size=""normal"" data-default-watermark-src=""https://pic3.zhimg.com/50/v2-f7a58ce83e96d2c3304f994e721d3807_hd.jpg"" class=""origin_image zh-lightbox-thumb"" width=""720"" data-original=""https://pic2.zhimg.com/v2-7816ef1f74b32f6e5a36e18ee64f9f0d_r.jpg""/>",发布于 15:20
的呃呃呃,​赞同,​添加评论,哈哈，我正好跟我在香港打了的同事咨询了去香港打hpv疫苗的事，然后就看到了这个，对我来说是绝对的福音了。不过近几年出了不少疫苗造假的事，希望hpv疫苗能严格把控质量吧。,发布于 15:15
Litao,​赞同,​添加评论,九阶26之前还没性生活，是三针打完没有性生活，还是第一针？感觉满足要求还挺难得。,发布于 15:05
韶音,​赞同,​添加评论,如果安全，有效的话，这个价格很亲民了,发布于 15:01
Dorothy,​赞同,​添加评论,"我花了7100打九价。<img src=""https://pic4.zhimg.com/50/v2-732a5d9276fa0ead5c7d6ea5a542f493_hd.jpg"" data-rawwidth=""638"" data-rawheight=""534"" data-size=""normal"" data-default-watermark-src=""https://pic2.zhimg.com/50/v2-93b1256946efc410e260eba6a2f89413_hd.jpg"" class=""origin_image zh-lightbox-thumb"" width=""638"" data-original=""https://pic4.zhimg.com/v2-732a5d9276fa0ead5c7d6ea5a542f493_r.jpg""/>怎么看待？就觉得这个节奏，就是很慢，很慢。引进晚，开发晚，资源少。",发布于 14:41
朱嘉莉,​赞同,​添加评论,作为一个男性同胞，我对宫颈癌没什么概念，但是换个词“睾丸癌”，这样就比较形象了，换位思考，绝对的广大女性福音。至于定价，个人感觉可以参考国产车与合资车的区别。有点区别，但问题不大，不影响使用。,发布于 14:35
JoyZ,​赞同,​添加评论,厦大公卫硕士毕业，现任职于GSK合作HPV九价项目的我，先Mark 一下，有空来答,编辑于 14:34
楚萍微客,​赞同,​2 条评论,更相信国产，毕竟针对的是我们国家的人自己研究，只想问四价啥时候出，想快点打。,发布于 14:14
天昊,​赞同,​添加评论,利好，绝壁是利好，之前想过去香港打九价，结果港澳通行证还没办下来就出了假疫苗新闻。后来香港那边朋友说可以不打诊所的，打香港政府的疫苗。然后发邮件咨询，人家说因为疫苗短缺，只给预约过的香港永久居民配针了，特别失望。朋友搞科研的，学校跟政府有渠道，低价打九价hpv，有两百个名额，然而还是需要香港身份证。最后这事就搁置了。中国成为第三个自主研发hpv疫苗的国家，是非常振奋人心的事，只希望不要有钻空子的人，趁着群众热情高涨赚黑心钱。,发布于 14:11
桃李,​赞同,​添加评论,可惜了，我打好九价了，再便宜也没我事了，伤心,发布于 13:59
看窗户几明,​赞同,​添加评论,我看成了HIV疫苗，吓我一跳,发布于 13:47
晒太阳也会打喷嚏,​赞同,​添加评论,有点贵,发布于 13:10
彤彤小姐姐,​赞同,​添加评论,我竟然才知道我或许还需要打疫苗，怪我太无知，，，,发布于 13:09
QC不要急,​赞同,​4 条评论,所以进口疫苗十年不批，是因为在等国内仿制药研制成功？这国内仿制的疫苗倒是批准的很快嘛,发布于 13:00
韩多胜,​赞同,​添加评论,19年元旦打完最后一针如何看待？我再多等一年不好吗?每针省下500块买肉肉吃他不香吗,发布于 13:00
六只炸鸡,​赞同,​1 条评论,"今年在hk打的，共三针每针1600国产只要329？？<img src=""https://pic4.zhimg.com/50/v2-596a977951e110b505c3d5120bdd54ca_hd.jpg"" data-rawwidth=""613"" data-rawheight=""613"" data-size=""normal"" data-default-watermark-src=""https://pic4.zhimg.com/50/v2-432a7bee56a4e368907d7a63a91aed27_hd.jpg"" class=""origin_image zh-lightbox-thumb"" width=""613"" data-original=""https://pic4.zhimg.com/v2-596a977951e110b505c3d5120bdd54ca_r.jpg""/>",发布于 12:59
Mikasayoo,​赞同,​添加评论,首先，宫颈癌疫苗的国产化、平价化是非常值得肯定和支持的一件大事，惠及广大人群，让更多的女生不必因为高价格而失去保护自己的权利。疫苗大可不必过分迷信进口，更多是寻求一个心理安慰罢了。虽然国产疫苗出过一些让人不放心的例子，但整体面是向好的，不能因噎废食。另外，希望国家能继续加大监管力度，让百姓对国产疫苗用得起、用得安。,发布于 12:51
代号lmr,​赞同,​添加评论,价格不贵，关键是要把好质量关，希望这是广大民众的福音。,发布于 12:47
小喜欢,​赞同,​添加评论,这是利国利民的好事。一个大病能把一个家庭拖垮，能把一个房子吃完。让人活的痛不欲生。但是每个人都想有活的希望！这些救命药价格便宜一点，让大家还有一点希望能继续活下去。不至于那么绝望。,发布于 12:45
哭脸了,​赞同,​添加评论,造福社会,发布于 12:45
大耳朵的森森猫,​赞同,​添加评论,安全性？国产的我不太放心,发布于 12:45
康子,​赞同,​添加评论,支持呀 姐姐那些就可以打啦嘿嘿我已经打了进口的九价了深圳摇号到的很运气25岁的会打完第三针lucky啊,发布于 12:41
一夜花满楼,​赞同,​添加评论,"之前关注HPV疫苗的时候还只能在香港打，然后自己就觉得要好好读书，努力挣小钱钱，最起码可以去打疫苗，保障自己的身体健康。前段时间刷到了医保局专家砍价的视频，来来回回四次争锋，为了中国的老百姓吃的起药，把每片药的钱砍到了4.36。当时心里的感觉没办法用言语表达，我们真的是重要的，国家为了我们生活的更好始终在做着努力。329元一针国产HPV疫苗，背后肯定又是无数科研人员辛苦的付出，他们还在坚守着那份初心与情怀。医保局专家""灵魂砍价""，企业代表当场流泪！_哔哩哔哩 (゜-゜)つロ 干杯~-bilibili​b23.tv 医保局专家灵魂砍价：4.4元4太多，再便宜点！_哔哩哔哩 (゜-゜)つロ 干杯~-bilibili​b23.tv给那些千千万万为了我们的人比个心我们也要发光发热啊！",发布于 12:40
张乐乐,​赞同,​添加评论,好期待，本来想生完娃去打九介的，现在看来，完全没有必要去花那个钱了，支持国产,发布于 12:33
崎玉,​赞同,​添加评论,"不知道怎么算，反正个人看到这个消息居然让我下决心去香港打9价了。因为2价之后可以打9价。2价国产1k，九价类推2k（指数型推广方式的话，大概没这么贵），但按照常理来说吧，一起3k。2价还有半年才能开始打，9价可能还有三五年临床试验才推广，那么时间打完起码四年。希望国产9价出来不限制年纪性别，限制年纪就更没戏了……现在香港三针5200，加上来回路费可能6k，27岁花这个钱一步到位不用怕未来的限制，趁着年轻还未有性生活，所以这个消息促进了我下单香港9价……<img src=""https://pic4.zhimg.com/50/v2-2a5b714fb8ac0a2309dd71ddc40a9a11_hd.jpg"" data-rawwidth=""280"" data-rawheight=""280"" data-size=""normal"" data-default-watermark-src=""https://pic3.zhimg.com/50/v2-7d7407056c8d6246b7a2e5d8f8a41d56_hd.jpg"" class=""content_image"" width=""280""/>",发布于 12:08
孙匀,​赞同,​添加评论,出厂价到进院价95%以上的品种中间最起码有5倍的利润空间。身边有跑临床的问问就知道了,发布于 12:08
宝贝,​赞同,​添加评论,恭喜我们国家的医疗又迈进一大步！！！希望中国研发和中国经济的迅速发展一样能让世界人民刮目相看。但是讲真理性考虑的话，2价的接种价值自行考虑。预防的病毒太少了。如果是45周岁以上的可以考虑，16-26岁的还是尽早接种九价的吧。,发布于 12:03
Veronica,​赞同,​添加评论,可以的！！！我表姐在广州读书之前预约一直没有约上，10月底才约上贵州那边的。价格还贵的很，国产疫苗的上市对整个社会受众来说应该都算是一件好事吧！,发布于 12:01
耳耳,​赞同,​添加评论,每次我朋友说靠什么什么关系打了9价，9价多不容易打到又那么贵，我就一丝丝无奈。感谢国产 感谢祖国 没有抛下我们！5月打起来！,发布于 11:59
跑跑,​赞同,​添加评论,我刚打完狂犬疫苗一针304元总共五针，真不想多说啥了。去医院说有两种一种便宜的一种304然后挂号的医生强烈建议买贵的，我百度了这两种没啥区别只不过贵副作用小。然后我认为没必要花快两千块打个狂犬疫苗，医生却直接变了个脸说便宜的没有了只能打贵的。然后还说疫苗必须24h接种，我就这样忍气吞声的打了,发布于 11:58
厦门科宏眼科医院,​赞同,​添加评论,几个月前和好朋友聊天的时候她跟我说她过段时间想去香港打这个疫苗，当时我也是第一次听到这个，就去了解了一下。现在国产的已经来啦~感觉好幸运！20岁的时候就去打这个疫苗！,发布于 11:51
YY微,​赞同,​添加评论,去哪里可以打啊 着急,发布于 11:45
wujia,​赞同,​添加评论,看了评论才知道原来国人对国产疫苗这么不信任……,发布于 11:42
雨落星辰心怡路,​赞同,​添加评论,想想长生疫苗,发布于 11:35
笨瓜傻瓜什么瓜,​赞同,​添加评论,"我。。。2019年12月27号才打了4价。。。我找谁哭去<img src=""https://pic4.zhimg.com/50/v2-0242f4fd66ed4c2d3f163234f385b227_hd.jpg"" data-rawwidth=""440"" data-rawheight=""350"" data-size=""normal"" data-default-watermark-src=""https://pic3.zhimg.com/50/v2-e88752de8f33671151dc8cd316d55829_hd.jpg"" class=""origin_image zh-lightbox-thumb"" width=""440"" data-original=""https://pic4.zhimg.com/v2-0242f4fd66ed4c2d3f163234f385b227_r.jpg""/>刚打了没两天就看到新闻了！！好气！！！",发布于 11:32
Silvia,​赞同,​添加评论,我觉得定328买的人会更多一点,发布于 11:16
蓝柠檬,​赞同,​1 条评论,26了，目前可以打吗？具体如何预约？哪里有？求有消息的分享！～,发布于 11:16
马不停蹄的牛,​赞同,​添加评论,真好(✪▽✪)既然都批准了，安全肯定没问题的。我和我的朋友们都打算今年打。但是有个疑问是，打了二价的，等以后出了九价的还能打么？我个人猜测是可以的哈～哈哈真的好开心(●°u°●)​ 」,发布于 11:16
Return,​赞同,​添加评论,总体来说是好事。目前阶段有想法打HPV疫苗的人应该不会在乎国产和进口的差价，自主研发的好处在于我们打疫苗不用再抢名额了，能有更多的国人受益。但先前关于上市的阿尔兹海默肠道调控药品科研数据造假的新闻，和长春制药厂制造不合格疫苗的事件，可能让很多人在欣喜之余依然保持观望态度。建立对国产疫苗的信任之路确实还很长。,发布于 11:15
重光,​赞同,​添加评论,怎么看待？大概就是，啊哈哈哈哈，我要去打一支，就酱。,发布于 11:14
make賦,​赞同,​添加评论,好不容易弄到手的疫苗 刚扎完第二针 你告诉我国产的上市了 价格还那么低 我也是很无奈吖 应该晚点扎,发布于 11:11
人生得意须尽欢,​赞同,​添加评论,厉害了我大厦门！,发布于 11:05
黄美丽,​赞同,​添加评论,"昨天在微博看到了。很开心和老姐说了这件事情<img src=""https://pic2.zhimg.com/50/v2-72e7a475c942c912ae7466c804b0c458_hd.jpg"" data-rawwidth=""611"" data-rawheight=""1875"" data-size=""normal"" data-default-watermark-src=""https://pic3.zhimg.com/50/v2-d7ed8454e65df8245afa72e52c26217b_hd.jpg"" class=""origin_image zh-lightbox-thumb"" width=""611"" data-original=""https://pic2.zhimg.com/v2-72e7a475c942c912ae7466c804b0c458_r.jpg""/> <img src=""https://pic1.zhimg.com/50/v2-d966473c4e8bee777c5920b78e7ce429_hd.jpg"" data-rawwidth=""915"" data-rawheight=""1278"" data-size=""normal"" data-default-watermark-src=""https://pic3.zhimg.com/50/v2-1bb71187e1d19da4c64b7bd4b9ddba06_hd.jpg"" class=""origin_image zh-lightbox-thumb"" width=""915"" data-original=""https://pic1.zhimg.com/v2-d966473c4e8bee777c5920b78e7ce429_r.jpg""/>总之，就是。女孩子要打打打。",编辑于 11:05
忘机生白,​赞同,​添加评论,什么时候就可以打了呢？家住小县区,发布于 11:01
肖明华,​赞同,​添加评论,"研究药物就是用于民的，制度好，国家好，考虑地区发展不均，为了使大家都能能用上，所以这样定价吧。<img src=""https://pic2.zhimg.com/50/v2-9a5a8fcb9faef595bb0a2eaa4f076709_hd.jpg"" data-rawwidth=""638"" data-rawheight=""371"" data-size=""normal"" data-default-watermark-src=""https://pic2.zhimg.com/50/v2-6d0c3996e0a466690a569c0edf816456_hd.jpg"" class=""origin_image zh-lightbox-thumb"" width=""638"" data-original=""https://pic2.zhimg.com/v2-9a5a8fcb9faef595bb0a2eaa4f076709_r.jpg""/> <img src=""https://pic3.zhimg.com/50/v2-a6c8a01e82b5391936d26f0548080339_hd.jpg"" data-rawwidth=""640"" data-rawheight=""479"" data-size=""normal"" data-default-watermark-src=""https://pic1.zhimg.com/50/v2-16a70335109c23f666ca5a6897389af3_hd.jpg"" class=""origin_image zh-lightbox-thumb"" width=""640"" data-original=""https://pic3.zhimg.com/v2-a6c8a01e82b5391936d26f0548080339_r.jpg""/>",发布于 10:59
贪睡之熊,​赞同,​添加评论,希望那些无良厂家不要生产假药就好,发布于 10:59
旧时明月,​赞同,​添加评论,太开心了吧要哭了！虽然我年龄必然等不到打国产九价，但是我未来女儿可以鸭！而且我妈我姨也可以去打国产二价了，三百多一支，四舍五入不要钱哈哈哈哈(o^^o),发布于 10:54
唐伯虎点烟,​赞同,​1 条评论,卡在年龄点上打上了九价，已经打两针了，好几个朋友想打过年龄打不上了。感觉国家研发疫苗还是好事，大批研发后还可以开放年龄，全民预防，毕竟疫苗最佳预防期也只有10年，10年后还能打上国家经济划算的疫苗多好啊,发布于 10:53
文心懜,​赞同,​添加评论,"美利坚 疫苗已打<img src=""https://pic4.zhimg.com/50/v2-5b24212f13e52228f88a86cd387f58f1_hd.jpg"" data-rawwidth=""1536"" data-rawheight=""2048"" data-size=""normal"" data-default-watermark-src=""https://pic3.zhimg.com/50/v2-f9d5615ae16de3edad792aee9fabe25b_hd.jpg"" class=""origin_image zh-lightbox-thumb"" width=""1536"" data-original=""https://pic4.zhimg.com/v2-5b24212f13e52228f88a86cd387f58f1_r.jpg""/>",发布于 10:49
上纲上线,​赞同,​添加评论,第一感觉很好 还记得750支在社区医院打针的情,发布于 10:42
耶耶,​赞同,​添加评论,挺好的，打破垄断，国产化；不过鉴于……让子弹飞一会儿,发布于 10:41
海水味的松果小姐,​赞同,​1 条评论,国产的这种跟生命有关的还是不太放心啊,发布于 10:34
小狼人,​赞同,​4 条评论,有没有大佬解答一下?据我所知，HPV就是常说的尖锐湿疣，不是靠性传播的吗？应该只要有固定性伴侣就行了，普通人有必要接种疫苗吗？怎么好像这个疫苗每个人都必须接种似的?,发布于 10:27
最红,​赞同,​添加评论,我已经打外国产的九价那个第二针了，为啥不早点出 我的钱呀(*꒦ິ⌓꒦ີ),编辑于 10:27
我心有佛,​赞同,​添加评论,打了两针1362一针九价的我哭了，多出来的两千多块钱我能吃多少顿火锅了！,发布于 10:23
Arieliu,​赞同,​添加评论,应该是转说吧，性不性有戴观察忙目听知认知会出现错误，近来多起通过认证的建筑保温材料给社会代来的，这种不艮影响，究竟是为什么？就不多了。,发布于 10:22
摩比斯环,​赞同,​2 条评论,进口的四价803一支（需要排队），是默沙东产的，在国外早就经过多年的验证。国产疫苗二价329一支，养生堂旗下某没听说过的药企生产。研发是厦门大学的研究生做的。不是针对厦门大学，国内的科研的靠谱程度，大家都懂的。所以这种一辈子只打一次的抗癌疫苗，如果不差这一千块钱而且能排到队的话，还是打进口的吧。当然如果抱着就是要支持国产的心态去打国产疫苗的话，也没问题啊，毕竟千金难买爷高兴。,编辑于 10:52
浩浩然然,​赞同,​添加评论,喜大普奔啊～一想到自己艰难地找人帮忙排号，花了四千块钱才打上九价，我就........希望自己晚出生几年。,发布于 10:20
浪个毛毛球,​赞同,​1 条评论,我跟我老婆说了 她说国产都假的 孩子从小打疫苗 没见管用过 肺炎感冒什么的 怎么破？,发布于 10:08
Haiszu,​赞同,​添加评论,首先，作为一名当代女大学生还是很高兴的。我的家庭条件只能算一般，父母每天都要从事大量的体力劳动。我也不想太依靠他们，毕竟自己都20有余的年纪。昨天晚上跟同学讨论这个，她家庭条件也许是属于中等偏上的吧，她就说这个怎么怎么的，不可能跟那个国外的九价的比什么的。是啊，谁还不知道价数越高越好，但你也不能是个空想主义。我没法不考虑做事的成本 ，也不能太自私。所以我认为，国内的二价或三价就不错,发布于 10:07
成长,​赞同,​添加评论,利国利民的好事儿，没什么值得质疑的。,编辑于 10:07
dahlia,​赞同,​添加评论,如果我国能研制出艾滋病的疫苗。那才是震惊宇宙。,发布于 09:48
月光族,​赞同,​1 条评论,"<img src=""https://pic4.zhimg.com/50/v2-a015f81c2c8824f2c1af2614c923458a_hd.jpg"" data-rawwidth=""1080"" data-rawheight=""2340"" data-size=""normal"" data-default-watermark-src=""https://pic4.zhimg.com/50/v2-a015f81c2c8824f2c1af2614c923458a_hd.jpg"" class=""origin_image zh-lightbox-thumb"" width=""1080"" data-original=""https://pic4.zhimg.com/v2-a015f81c2c8824f2c1af2614c923458a_r.jpg""/>为什么我在约疫苗的公众号里看到一针贵一倍",发布于 09:24
香樟不醇,​赞同,​2 条评论,对女生来说挺好的，目前正在接种，不过打的是进口的V503，在疾控中心打的，马上满26岁了，周围接种的朋友也不少，大家都是自费打的，我之前去疾控中心打，几个月都没预约到疫苗，本来都放弃了，结果所在县城疾控中心正在招募小白鼠，研究进口九价和四价对中国女性的不良反应和效果，就去了，免费打，还有补贴。真是，之前自费想打大不了，放弃了，又给我机会打还免费。虽然是当成小白鼠，但是疾控中心政府单位疫苗应该没问题吧！,发布于 09:20
殷度E玥,​赞同,​添加评论,之前三赴香港，打的HPV九价，感觉国内的价格太划算了（后悔中）。如果数据不造假，质量有保证，简直女性福音啊。,编辑于 09:21
forea,​赞同,​添加评论,恭喜我国有了首个HPV疫苗上市。对于定价，希望有相关人员给出解释这个价格是否合理。一定要扼杀便宜这个错误的思想，如果定价低，下一阶段的研发该如何开展，如果定价低，是否会有便宜没好货的情况发生。合理才是最好的。,发布于 09:11
耿耿,​赞同,​1 条评论,"<img src=""https://pic2.zhimg.com/50/v2-dc4f0eae7825715690fcdd33b43a22c2_hd.jpg"" data-rawwidth=""1080"" data-rawheight=""1920"" data-size=""normal"" data-default-watermark-src=""https://pic4.zhimg.com/50/v2-2c02dd81e9f46f9bca1d5aab53739eeb_hd.jpg"" class=""origin_image zh-lightbox-thumb"" width=""1080"" data-original=""https://pic2.zhimg.com/v2-dc4f0eae7825715690fcdd33b43a22c2_r.jpg""/> <img src=""https://pic4.zhimg.com/50/v2-87f165531a0ebe4b8d68bca33d7799c6_hd.jpg"" data-rawwidth=""1080"" data-rawheight=""1920"" data-size=""normal"" data-default-watermark-src=""https://pic2.zhimg.com/50/v2-0f344ebf100352c43aa1b17efbd8e051_hd.jpg"" class=""origin_image zh-lightbox-thumb"" width=""1080"" data-original=""https://pic4.zhimg.com/v2-87f165531a0ebe4b8d68bca33d7799c6_r.jpg""/> <img src=""https://pic3.zhimg.com/50/v2-b3da0fcd0a00e39b0989c237e939f00d_hd.jpg"" data-rawwidth=""1080"" data-rawheight=""1920"" data-size=""normal"" data-default-watermark-src=""https://pic4.zhimg.com/50/v2-0cc9b0999b34dcd3572de15b94ea1c43_hd.jpg"" class=""origin_image zh-lightbox-thumb"" width=""1080"" data-original=""https://pic3.zhimg.com/v2-b3da0fcd0a00e39b0989c237e939f00d_r.jpg""/>",发布于 09:10
童林,​赞同,​添加评论,商品化后的安全性一致性非常关键。,发布于 09:08
秦关,​赞同,​添加评论,打完都好几年了原来国内才上市………,发布于 09:08
ermao,​赞同,​添加评论,小孩儿的疫苗都有出问题的，何况这种大人用的，说实话我宁愿花钱打进口的，摆脱不了被噶的命。,发布于 09:03
一二三,​赞同,​添加评论,挺好的,发布于 09:01
Skylight,​赞同,​添加评论,只是国内假疫苗让人头疼！,发布于 08:58
若水,​赞同,​添加评论,本人已经打了默沙东九价，三月底打第三针。对于医药方面的科研一直很敬重，国产疫苗上市一定程度上代表了我国的疫苗生产水平。虽然二价稍微落后了一点，但据说11价二十价正在研发，所以还是很期待的。万一以后我会有孩子，不管男孩女孩，不管是不是在医保内，不管多少钱，都要去打。只是希望到那时候，疫苗的供给更加方便，不用跨越山河大海。,发布于 08:56
不如归去,​赞同,​添加评论,首先保证质量，价格高点也可以接受，希望大家都健健康康，幸福生活,发布于 08:28
鱼别丢,​赞同,​添加评论,我6年前在美国打过9价的Hpv疫苗，听医生说最好是在26岁或者性生活以前打效果最好。几乎是美国女性人人都打的疫苗，半年打三次。6年来我个人没任何副作用和疼痛不适，宫颈检查良好。现在国内也有了，我觉得对女性是非常大的福音。,编辑于 08:28
黑色的裤子,​赞同,​1 条评论,我是想问小县城在哪儿打,发布于 08:06
陶渊明式薇薇安,​赞同,​添加评论,钟晱睒是真正的企业家！,发布于 07:38
榴芒兔很乖,​赞同,​添加评论,祝贺一下，价格略贵，农村普通百姓人家有点承担不起。,发布于 07:37
肥宅很快乐,​赞同,​添加评论,这个消息我喜欢我是医疗器械专门检测HPV厂家技术人员，实际检测中体检感染率约20%，门诊感染率约30%。按中国人口来说有过亿人感染，还是很有意义的一个疫苗。特别说明，感染了也别怕，这HPV病毒可以理解成感冒病毒，没有特效药，可一年半载也死不了人。感染了多锻炼身体好好休息，多去医院检测，最差情况大不了去掉子宫，命还是在的。没有特效药，没有特效药，没有特效药。加强自身免疫性就好。,发布于 07:35
小鬼,​赞同,​添加评论,真是天大的好事呀,发布于 07:26
little文艺,​赞同,​添加评论,可惜孩子十岁就打过二阶的了，不然肯定就选择国产的了。其实我想说，没必要迷信国外进口商品，每年法检目录外抽查的各种高档进口商品项目不合格的情况多了去。前段抽检的一个国外进口高档儿童枕头，一个二三千块，标注成分一点没有，真的是交了智商税。某快一万块的网红空气净化器指标也不合格。尤其是进口高档服装饰品，完税价格看完老百姓能崩溃，200%利润都是良心价了，关键许多其实还是made in china，有钱人的世界我真不懂。,发布于 07:07
露寒,​赞同,​添加评论,平民价格 贫穷百姓都用的起祈福,发布于 06:56
大年仨食一,​赞同,​添加评论,首先肯定是点赞，支持，20年的研发，为科研人员点赞,发布于 06:48
祭九,​赞同,​添加评论,安全吗？这个是重点,发布于 06:37
戈多,​赞同,​添加评论,24岁，无性生活史，我也想去打，想约同事一起去哈哈,编辑于 05:43
ONE,​赞同,​添加评论,去年刚打完三针HPV疫苗，每针280美元，医生先收了押金，看保险全包了，最后才退的押金。329这个价格绝对很有吸引力，希望效果也是棒棒的，造福付不起高额费用的多数人。HPV疫苗男女都应该打，女生需要保护自己，男生有责任保护自己爱的人。,发布于 03:25
某某某,​赞同,​4 条评论,请问作者，十一岁男孩适合打九价吗？保护期是几年？,发布于 03:03
鬼那,​赞同,​添加评论,国产HPV获批上市，等于马上就能大批量生产对于我国这么多女性来说，是一种巨大的福利，可是中国女性过多，国家又是否能让大部分女性接种呢？还有，接种预约渠道都没有普及出来，就算有意识想接种，但是也没有渠道去预约。,发布于 03:02
cookie,​赞同,​1 条评论,前两周才想办法插队打九价，想不到国内就出来了，可喜可贺,发布于 02:56
AZ1234567,​赞同,​添加评论,偏个题，我想知道P换成I的话这种疫苗还要多久,编辑于 01:26
C.马尔克斯,​赞同,​添加评论,必须安排！！！！我们国家真是越来越厉害了,发布于 01:26
路鸣泽,​赞同,​4 条评论,不懂就问 只知道这个有 2、4、9价 然后这几个是有啥区别呢？有没有人普及一下,发布于 01:21
雨下一整夜,​赞同,​2 条评论,我倒是很想打9价 可是广州没有啊 太难了4价也难打到,发布于 00:58
LEARNING GLOBAL,​赞同,​添加评论,希望普及。母亲患有宫颈癌。以后找到女朋友了，一定要让她打这个,发布于 00:47
今照,​赞同,​添加评论,安全比啥都强,发布于 00:47
幸福的安定,​赞同,​1 条评论,这个疫苗到底是二价还是几价呀？感觉写的模模糊糊的,发布于 00:43
可可树伊,​赞同,​1 条评论,为什么回答里都是百利而无一害的一边倒评论啊，都没有关于这个疫苗的副作用的科普吗？ 打了这个疫苗真的不会出现副作用吗？,发布于 00:37
lilihu,​赞同,​4 条评论,我自己都不晓得是不是打贵了？之前9价打了5700多人名币 ‍♀️,发布于 00:36
孔庙祈福,​赞同,​添加评论,"很关注并且会一直关注这个问题。HPV疫苗对宫颈癌预防的意义非常之大，女性尤其是年轻女性应该被普及相关医学知识。9月份我写过一篇关于如何在德国接种9价HPV疫苗的科普文章，见：https://card.weibo.com/article/m/show/id/2309404411747472637983?_wb_client_=1强调两点：1.应该知道HPV二价、四价和九价的含义并在此基础上选择适合自己的疫苗。2.应该知道男性也被鼓励接种HPV疫苗，不仅为他们自己，也为他们伴侣的健康着想。以下截图均来自我的文章：<img src=""https://pic4.zhimg.com/50/v2-dd76764423345820ad8a8fcfd17efdfe_hd.jpg"" data-rawwidth=""1280"" data-rawheight=""640"" data-size=""normal"" data-default-watermark-src=""https://pic2.zhimg.com/50/v2-7082686baf7eb9a3c3f680493eb493a7_hd.jpg"" class=""origin_image zh-lightbox-thumb"" width=""1280"" data-original=""https://pic4.zhimg.com/v2-dd76764423345820ad8a8fcfd17efdfe_r.jpg""/> <img src=""https://pic2.zhimg.com/50/v2-5374d0fbdabb1c22c887e9164b4078e5_hd.jpg"" data-rawwidth=""750"" data-rawheight=""1065"" data-size=""normal"" data-default-watermark-src=""https://pic1.zhimg.com/50/v2-a7ab9cc61ecfc401deac66b82a7f8f42_hd.jpg"" class=""origin_image zh-lightbox-thumb"" width=""750"" data-original=""https://pic2.zhimg.com/v2-5374d0fbdabb1c22c887e9164b4078e5_r.jpg""/> <img src=""https://pic2.zhimg.com/50/v2-3afd4e771ad455b9f34096500051898d_hd.jpg"" data-rawwidth=""750"" data-rawheight=""1124"" data-size=""normal"" data-default-watermark-src=""https://pic3.zhimg.com/50/v2-6ada4ed0783c3ffb18f60047018b19a4_hd.jpg"" class=""origin_image zh-lightbox-thumb"" width=""750"" data-original=""https://pic2.zhimg.com/v2-3afd4e771ad455b9f34096500051898d_r.jpg""/> 国产HPV疫苗，目前已知信息是出了二价，针对16、18型。定价329一支，3针共计987元。针对9-45对女性。对比进口HPV二价疫苗：<img src=""https://pic3.zhimg.com/50/v2-1636564e41eb725fed87382a50e34d77_hd.jpg"" data-rawwidth=""750"" data-rawheight=""961"" data-size=""normal"" data-default-watermark-src=""https://pic3.zhimg.com/50/v2-3379e7bfc11dac6eddb5f1e6bf9fba58_hd.jpg"" class=""origin_image zh-lightbox-thumb"" width=""750"" data-original=""https://pic3.zhimg.com/v2-1636564e41eb725fed87382a50e34d77_r.jpg""/>结论：1.价格上是便宜了将近一半。前面回答拿国产二价3针价格（987元）和进口九价3针价格（4000元）对比，然后大呼国产便宜的......怕是从来没做过实验，连控制变量的意识都没有吧。要比就拿一样的东西比，二价和九价针对的病毒亚型完全范围差十万八千里去了。2.国家药监局通过的疫苗，至少在安全性上问题不大。一旦有安全方面的丑闻，国家药监局没那个脸可以丢。所以对此次国产二价疫苗的安全性不必杞人忧天。“小白鼠”论非常可笑一点根据都没有，偏偏说话的人自我感觉良好，仿佛真理就躺在他舌头上。3.其实现在货源紧缺、供不应求、一针千金导致HK各自小诊所自制假疫苗的源头很大一部分来自HPV9价......4价和2价真没那么抢手的，不信你拿起手机打个电话给你附近的社区医院预约打2、4价试试？4.对国产疫苗很看好，同时希望国家及相关单位、公司对质控一丝一毫都不要掉以轻心。疫苗不是小事，它系着千万人的健康福音，切记谨慎再谨慎。5.总之，国产二价疫苗的上市，对那些希望以更低价格接种二价疫苗的女性来说，是一个更经济的选择。但对于那些想接种4价和9价的女性，仍然需要等待，或者自寻办法接种进口疫苗。切记通过正规渠道、到正规医院接种，不要轻信任何三无不良黑心小诊所。本人已在德国接种完全部三针9价HPV疫苗，有任何相关的问题可留言或私信问我啦！",发布于 00:36
一只笨狗,​赞同,​1 条评论,好事啊。打HPV最佳的就是26岁前、无性生活。之前打个疫苗还要排队预约，不知道要等到何年何月。现在国产的推出，市场能铺开的话，人人不需预约和等待，或者非要跑到哪个地方才能打，多好。注：根据WHO建议，HPV疫苗最佳的接种年龄是9-13岁。年龄越小，效果越好。26岁之前补接种，也会有很大的获益。最大的影响因素还有是否有过性生活。也就是说26岁之前无论有无性生活，26岁之后无性生活，都建议接种。而超过26岁，有性生活的，有效性会大大降低，但仍有一定的效果（性价比低），可以根据自己的经济情况自由选择。（另，参加了养生堂今年的校招，感觉他们确实很靠谱，厦门好像也一直是研究疫苗比较前沿的地方）,编辑于 00:28
羊羊羊,​赞同,​3 条评论,刚付了四千多的穷孩子我心痛到哭泣,发布于 00:00
鬼笔环l,​赞同,​1 条评论,我表妹在香港打上千一针的九价，不知道跟国产的这个两价有什么区别？,发布于 00:00
牛博容,​赞同,​添加评论,出来太晚了，早一年就好了 我已经打了进口的4价的，平均每针850左右，一共三针尽管不学医，但通过身边出国的同学还有知乎上有些回答，还是感觉到我们国家医学领域现在的发展。我认为，发展好，最主要的原因是因为人多，也基本大多生病了会治，这样有更多的病历，在同样情况下，更好的可以治疗的好。关于疫苗，想看一下实验的数据,发布于昨天 23:55
幕结之章,​赞同,​添加评论,有人能介绍一下在哪里打，怎么打吗？,发布于昨天 23:52
泡泡糖,​赞同,​添加评论,我想知道在哪里可以打………,发布于昨天 23:30
HaloAkihi,​赞同,​添加评论,二线医学生看到了生物的希望，二十一世纪是生物的世纪，也感谢疫苗背后的研发团队，这本身就是个高投入的过程。希望国产药，疫苗都越来越好，真正让老百姓用到。,发布于昨天 23:29
人间,​赞同,​添加评论,医学发展越来发达，很多疾病都可以得到有效治疗，真好,发布于昨天 23:21
暮商十二,​赞同,​添加评论,很激动中国也有属于自己的HPV疫苗了，还这么便宜，真是女性的福音啊！但是还只是二价，任重道远啊！另外，进口的九价HPV实在太贵，三针下来得花4000块钱，中国大多数人都用不起……更让人寒心的是，周围很多人根本不知道有这个疫苗的存在，更不用说去接种了……,编辑于昨天 23:19
還是好好讀書,​赞同,​5 条评论,"我来说说小编的感受。我已经打了九价了一针在韩国打的其他两针是在马来西亚的医院打的。当时，香港也有了，可是本着小心为上的自我安慰的态度，我还是多花点钱去国外医疗水平好一点的国家打。不要骂我崇洋媚外，我只有一条命。在国内对于假药立法、惩罚还没有那么重的时候我还是选择去国外打。起码，法律里面只要敢出现假药基本会被罚到死。监管也会比较严格。上次，国内小孩子疫苗的事情，刚刚过去。那么多的受众，那么长时间，竟然才发现。后来香港也爆出假疫苗，香港最为犯罪的天堂，不能送中。自然就会有这种缺口。所以当时发生这个事情的是欧我还小庆幸了一把。平均下来在韩国打一针是1200人民币左右。去了三天，就当旅游玩了。马来西亚平均700多一针，第一次需要加一个建档费用，不超过100人民币。如果大家有需要可以点赞或者评论，我来告诉大家我是怎么做攻略，怎么联系医生，安排好之后出国去医院，怎么办理看看有多少人需要1月4日更新攻略：HPV9价三针3地攻略想打9价的时候，自己做了很多功课，当时国内刚有9价不久，难约指数5颗星，所以计划出国打.而且想拉着男朋友一起打,所以只能到国外（国内只允许26周岁以下女性注射）第一针：韩国庆熙大学医院第二针：马来西亚槟城南华医院第三针：马来西亚吉隆坡尼莱医院我是为了顺道多玩几个地方，可以在同一地方打三针。<img src=""https://pic3.zhimg.com/50/v2-793087aec862bdaa20a72f96ae0d5715_hd.jpg"" data-caption="""" data-size=""normal"" data-rawwidth=""3024"" data-rawheight=""3024"" data-default-watermark-src=""https://pic3.zhimg.com/50/v2-37bad384c9b90f3b95da7ddab62fd0a1_hd.jpg"" class=""origin_image zh-lightbox-thumb"" width=""3024"" data-original=""https://pic3.zhimg.com/v2-793087aec862bdaa20a72f96ae0d5715_r.jpg""/> 韩国江东庆熙大学医院：△价格 185,000韩元/针，差不多RMB1150△选择原因：相比香港而言，价格很便宜，而且很好预约，而且这个医院是公立医院，质量放心，看到很多当地人也在这里就医。△预约方式：官网上找了预约邮箱：kuimsseoul@gmail.com可以用中文（有针对外国人的国际部，所以速度很快，也有中文服务）△路线：地铁5号线高德站4号出口<img src=""https://pic2.zhimg.com/50/v2-bd7910c422744b8a5b7585b76ab26544_hd.jpg"" data-caption="""" data-size=""normal"" data-rawwidth=""376"" data-rawheight=""233"" data-default-watermark-src=""https://pic1.zhimg.com/50/v2-9a8df06149dedb216a252425bc135246_hd.jpg"" class=""content_image"" width=""376""/> <img src=""https://pic3.zhimg.com/50/v2-6acb3baef9237f899c52e3fe5a037b43_hd.jpg"" data-caption="""" data-size=""normal"" data-rawwidth=""3024"" data-rawheight=""3024"" data-default-watermark-src=""https://pic3.zhimg.com/50/v2-63c3fd5defe80de56ecff065442a3378_hd.jpg"" class=""origin_image zh-lightbox-thumb"" width=""3024"" data-original=""https://pic3.zhimg.com/v2-6acb3baef9237f899c52e3fe5a037b43_r.jpg""/><img src=""https://pic1.zhimg.com/50/v2-39f1acabc04555fab8734b9c265d35b5_hd.jpg"" data-caption="""" data-size=""normal"" data-rawwidth=""540"" data-rawheight=""720"" data-default-watermark-src=""https://pic2.zhimg.com/50/v2-8dcbf5a8f0fa1d9bffb728a2cf701dc4_hd.jpg"" class=""origin_image zh-lightbox-thumb"" width=""540"" data-original=""https://pic1.zhimg.com/v2-39f1acabc04555fab8734b9c265d35b5_r.jpg""/><img src=""https://pic4.zhimg.com/50/v2-8b205002816cb3fd71868a74b87da79b_hd.jpg"" data-caption="""" data-size=""normal"" data-rawwidth=""720"" data-rawheight=""540"" data-default-watermark-src=""https://pic3.zhimg.com/50/v2-d663e1a9b2fff640944043ec0337607b_hd.jpg"" class=""origin_image zh-lightbox-thumb"" width=""720"" data-original=""https://pic4.zhimg.com/v2-8b205002816cb3fd71868a74b87da79b_r.jpg""/> 马来西亚槟城南华医院 △预约方式：我找的欧琳达医生提前打电话或发Email确定有没有针，然后直接去医院打针不过好像邮件不怎么回，最好直接打电话欧琳达医生电话：604-652 8843邮箱：awld@hlwe.com△选择原因：南华医院是当地较大的公立医院；马来西亚真的不缺针，重点是还特别便宜！划重点，四舍五入等于不要钱；槟城是一个很美的旅游城市，可以顺道玩一圈.△价格 RMB 800左右/针△路线：Grab打车就能到，很便宜<img src=""https://pic1.zhimg.com/50/v2-be6a7871a5ca65c9342a9a126f3e5a6b_hd.jpg"" data-caption="""" data-size=""normal"" data-rawwidth=""3024"" data-rawheight=""3024"" data-default-watermark-src=""https://pic4.zhimg.com/50/v2-31693c65981e035a707ecff6b578a3ce_hd.jpg"" class=""origin_image zh-lightbox-thumb"" width=""3024"" data-original=""https://pic1.zhimg.com/v2-be6a7871a5ca65c9342a9a126f3e5a6b_r.jpg""/> 马来西亚吉隆坡Nilai Medical Centre：△价格：498马来币/针，RMB 850左右△预约方式：邮箱：mylee@nilaimc.com Mr.Lee医生△地址：NILAI MEDICAL CENTRE (f.k.a.: NCI HOSPITAL)PT 13717, Jalan BBN 2/1,71800 Nilai, Negeri Sembilan Darul Khusus, Malaysia.Phone: +606-8500999/+606-7990999 Ext: 1618 | Fax: +606-8501397Web: http://www.nilaimc.com△选择原因：本来第三针打算去澳门镜湖，苦于镜湖的针要每个月抢号，太难了，所以继续选择去性价比极高的马来，所以选择一家在吉隆坡的医院，打完针后转机到泰国玩一圈，还体验了一把吉隆坡过境签（免费入境吉隆坡，还不用排大长队，简直爽歪歪），到泰国也是免费落地签，整个行程免费签证。 <img src=""https://pic1.zhimg.com/50/v2-f7fbf8236180116323e9ed25a8376fa4_hd.jpg"" data-caption="""" data-size=""normal"" data-rawwidth=""3024"" data-rawheight=""3024"" data-default-watermark-src=""https://pic1.zhimg.com/50/v2-4d56b272f44eb385812cb6d1774a6e20_hd.jpg"" class=""origin_image zh-lightbox-thumb"" width=""3024"" data-original=""https://pic1.zhimg.com/v2-f7fbf8236180116323e9ed25a8376fa4_r.jpg""/> 简单更新了一下，一些细节的过程，我慢慢回忆起来再做重新的更新。重点是，男生可以打，但是也有的医院或者不同的医生有的说可以打有的说不用打。",编辑于 11:38
hellojeep,​赞同,​添加评论,很高兴听到这个消息。祖国越来越强大了，科技水平提高了。,发布于昨天 23:13
hdgslf,​赞同,​添加评论,消息还是很开心的，如果可以普及，那对女性来说是福音。我是在朋友支持下，打的进口疫苗。加班费全没了嘤嘤嘤d(ŐдŐ๑),发布于昨天 23:10
420229,​赞同,​1 条评论,"默默问一句，男……男孩子不需要吧？<img src=""https://pic2.zhimg.com/50/v2-373854de1cdb7368e5cdf18b0f1206da_hd.gif"" data-rawwidth=""293"" data-rawheight=""193"" data-size=""normal"" data-thumbnail=""https://pic2.zhimg.com/50/v2-373854de1cdb7368e5cdf18b0f1206da_hd.jpg"" class=""content_image"" width=""293""/>",发布于昨天 23:09
琉璃神社,​赞同,​添加评论,所以这个二价的，35岁女性可不可以打呢，建议都是25岁以下2价到期这个又写了到45岁,发布于昨天 23:02
清清,​赞同,​1 条评论,感谢国家，至少现在在积极努力向上发展，想真正为人民做些什么,发布于昨天 23:01
不吐槽会死星人,​赞同,​3 条评论,我就想知道在哪里可以打,发布于昨天 22:58
林洋葱,​赞同,​添加评论,表示已经打了进口的,发布于昨天 22:48
林轩,​赞同,​添加评论,"厦大人 来骄傲一下谁说我们只是一个文科学校~ <img src=""https://pic4.zhimg.com/50/v2-fb0c0a4854e5c69685c046da5c662fa0_hd.jpg"" data-rawwidth=""750"" data-rawheight=""1334"" data-size=""normal"" data-default-watermark-src=""https://pic2.zhimg.com/50/v2-a7428cc1bd87683f99dbbb2c4482cb26_hd.jpg"" class=""origin_image zh-lightbox-thumb"" width=""750"" data-original=""https://pic4.zhimg.com/v2-fb0c0a4854e5c69685c046da5c662fa0_r.jpg""/>https://mp.weixin.qq.com/s/PV0udwZdtIYYDIu0f3_ARg",编辑于昨天 22:40
剑仙,​赞同,​添加评论,"真的是好事啊，前几天还和朋友在聊这个，也打算计划个时间去香港打，其实我本来对HPV了解不多的，但是了解之后感觉真的很有必要去打，还是健康重要是吧。如果我们有自己的疫苗，不用再依赖进口，那真的是好的不得了了。<img src=""https://pic4.zhimg.com/50/v2-e9f6fa0bda04e2156843e31b62a73e5c_hd.jpg"" data-rawwidth=""623"" data-rawheight=""1280"" data-size=""normal"" data-default-watermark-src=""https://pic4.zhimg.com/50/v2-1a2224e8f283a0c512e4b864f69127f8_hd.jpg"" class=""origin_image zh-lightbox-thumb"" width=""623"" data-original=""https://pic4.zhimg.com/v2-e9f6fa0bda04e2156843e31b62a73e5c_r.jpg""/>",发布于昨天 22:33
lizzie jane,​赞同,​添加评论,真的真的挺开心的，终于离我们很近的感觉了，如果安全的话一定会去打，带着妈妈妹妹，女性的健康真的很重要，一定要好好爱自己。,发布于昨天 22:17
小白,​赞同,​10 条评论,好事。有问题可以在评论里问，可以解答99%的跟宫颈癌疫苗相关的问题。,发布于昨天 21:59
小猫戏法,​赞同,​添加评论,去年十月刚打完三针四价hpv疫苗，在社区医院打的，一针800多，三针2400多。九价已经过年龄了，所以选择了四价。周围很多同事都打了，有的同事还是早几年飞香港打的。这个疫苗还是有必要打的，是对女性身体的保护。知道国产疫苗上市的消息还是非常开心的。毕竟进口的特别是九价的太难预约了，四价的也是2019年才好预约了的。疫苗能上市，应该是通过审核检验合格的。不过大家应该还会观望一下，看一下效果，而且有条件的还是会优先考虑四价和九价的，所以期待四价和九价的赶紧上市吧。,发布于昨天 21:53
胡玉涛,​赞同,​添加评论,期待九价上市！！,发布于昨天 21:48
onename,​赞同,​添加评论,第三针进口HPV疫苗刚打完，早知道等等了！！,发布于昨天 21:42
白色的鱼鱼鱼鱼,​赞同,​4 条评论,"真心疲惫 预约了接近一年的九价 现在都还没有预约到 从七千多人等到四千多人还要等不知道多久 而且就算预约到了还要继续排队等通知 反正在最后的26岁是不可能打到了 我身边打得到的好多人都是找的关系才可以的 我是放弃了反正要死就死吧。希望国家早日研发国产九价～武威～<img src=""https://pic1.zhimg.com/50/v2-f3da9e24adf2e4cc895d7ac3cd996291_hd.jpg"" data-rawwidth=""1242"" data-rawheight=""674"" data-size=""normal"" data-default-watermark-src=""https://pic1.zhimg.com/50/v2-5f2fb6aaa2e87a296dce4c0cd930a82b_hd.jpg"" class=""origin_image zh-lightbox-thumb"" width=""1242"" data-original=""https://pic1.zhimg.com/v2-f3da9e24adf2e4cc895d7ac3cd996291_r.jpg""/>",发布于昨天 21:37
尖锐湿疣代医生,​赞同,​添加评论,希望国产九价也普及吧，进口的价格确实感人，而且在国内还需要抢，各种预约排号，总之还是很欣慰。,发布于昨天 20:27
熙迩,​赞同,​2 条评论,我打的1333啊啊啊，刚打完你跟我说这些,发布于昨天 16:45
浣熊杀手,​赞同 3,​1 条评论,要对我们的国家有信心，利国利民，不是所有人都能打得起外国进口疫苗的,发布于昨天 19:00
周文不是皱纹,​赞同 2,​2 条评论,"当年的三鹿让我不再相信任何国家检测机构，给大人下毒可以，给孩子下毒真的丧心病狂。至于疫苗，我很高兴看到国家医疗产业的进步，但让我打国产疫苗，我不打，更不可能给我孩子打。不是不相信中国的技术，是不信那层层的黑手，很多人良心都被狗吃了。<img src=""https://pic1.zhimg.com/50/v2-3d4bcee7d7b318e22b7e498fad5a9c28_hd.jpg"" data-rawwidth=""1080"" data-rawheight=""2240"" data-size=""normal"" data-default-watermark-src=""https://pic3.zhimg.com/50/v2-2a9f90c52dbc9559a6556ece1742b3ed_hd.jpg"" class=""origin_image zh-lightbox-thumb"" width=""1080"" data-original=""https://pic1.zhimg.com/v2-3d4bcee7d7b318e22b7e498fad5a9c28_r.jpg""/> <img src=""https://pic1.zhimg.com/50/v2-cbb0cc7167a92a2fa65ffa579dea2604_hd.jpg"" data-rawwidth=""1080"" data-rawheight=""2240"" data-size=""normal"" data-default-watermark-src=""https://pic1.zhimg.com/50/v2-29b266728cea7e9c3e6dcfe0340e7b8a_hd.jpg"" class=""origin_image zh-lightbox-thumb"" width=""1080"" data-original=""https://pic1.zhimg.com/v2-cbb0cc7167a92a2fa65ffa579dea2604_r.jpg""/> <img src=""https://pic3.zhimg.com/50/v2-edba57c4ddca86592b3b5344a4560120_hd.jpg"" data-rawwidth=""1080"" data-rawheight=""2240"" data-size=""normal"" data-default-watermark-src=""https://pic3.zhimg.com/50/v2-253b217d10b10d5c747d67f309aa5b08_hd.jpg"" class=""origin_image zh-lightbox-thumb"" width=""1080"" data-original=""https://pic3.zhimg.com/v2-edba57c4ddca86592b3b5344a4560120_r.jpg""/>",编辑于 14:14
滚滚长江东逝水,​赞同,​添加评论,其实我很看好国产的hpv疫苗最直接的原因就是它的测试样本更为符合亚洲人的体质举个最简单的例子，在国内医生给国人开的有些药物的服用剂量和国外同种药物的剂量是不同的，因为不同的人种的代谢功能和基因都有所差别而目前进口的hpv疫苗的临床测试人群主要为欧美人种，之前大家应该也或多或少听说过hpv疫苗在一小部分人注射后会产生严重的副作用。而我觉得这很有可能和进口hpv疫苗里的佐剂使得亚洲部分人群容易致敏有关。我自己包括我身边的小姐妹们，很多也是担心疫苗的副作用而迟迟不敢去注射。首先国产的这支hpv疫苗，毕竟是在国内做的临床检验，更为符合国人的体质。之前出现的国内疫苗安全问题引起了民众的广泛关注，但是不知道大家知不知道，在这之后，国家已经出台了专门的法律来解决相关问题。2019年6月29日，十三届全国人大常委会第十一次会议表决通过了《中华人民共和国疫苗管理法》，于2019年12月1日开始施行。所以其实疫苗的管理已经得到了国家很大的重视。所以希望大家能够充满信心地观望，因为如果花几针的钱，能在副作用发生可能性最小的疫苗注射下使得自己患某种重大疾病的概率大大降低，我觉得是非常值得的，对我们小姐妹们也是一件好事。还有关于二价四价九价的问题，我觉得有的东西毕竟不是数学题，它不是一个累加的关系。二价的性价比很高这个事情基本已经是一个事实了。当然二还是四还是九还是不注射都是每个人自己的决定，决定好就好。,编辑于 13:15
memenature,​赞同,​1 条评论,国产疫苗吗？长春产的？,发布于 11:08
荀子道,​赞同,​添加评论,看看就好，养生堂的东西大家都懂的，这个回答里太多的水军了。,发布于 09:04
匿名用户,​赞同,​1 条评论,难到只有我是第一眼看成HIV疫苗后被吓到了吗？,发布于 01:12
匿名用户,​赞同,​1 条评论,国产的不放心,发布于昨天 21:04
匿名用户,​赞同,​1 条评论,别急着打 先看看情况 国内生物医药和疫苗产品真假难辨 打个假疫苗也就费点钱 要是毒疫苗伤的是自己的身体,发布于昨天 20:49
匿名用户,​赞同 1,​添加评论,不是说对国内的产品没有信心还有所谓的崇洋媚外，但在饶毅先生明确实名举报阿尔兹海默症的论文造假时，阿尔兹海默症的药物匆忙研发然后上市？结合之前的各种疫苗之殇，很难让人对国产药物产生信心。毕竟这是药，不是三颗糖那么简单……,发布于 14:04
匿名用户,​赞同 1,​添加评论,说实话，个人觉得还是有点虚的。。。。国产治疗阿兹海默症的药不也上市了么。。。,发布于 13:37
匿名用户,​赞同 1,​添加评论,国内的疫苗还敢信？生产达不达标不知道，运输都不冷藏又失效，医院里万一过期的再给你用，你敢用么，监管跟纸糊的一样可笑,发布于 13:37
匿名用户,​赞同 1,​1 条评论,以后不孕育者会越来越多。。。,发布于 10:19
匿名用户,​赞同 1,​11 条评论,这是二价，在国外市场是被淘汰了的产品了，不懂还推出市场国产的hpv疫苗，说真的，不敢当小白鼠，我宁愿多花钱也要打进口的,发布于昨天 23:20
匿名用户,​赞同 2,​1 条评论,挺好的，对大多数人来说，是可以接受的价位，利国利民,发布于昨天 16:27
匿名用户,​赞同 1,​5 条评论,我发现每当我做了什么事，买了什么东西，打了什么疫苗，总是有更好的在后面等着我,发布于昨天 21:13
匿名用户,​赞同,​添加评论,好事,发布于 10:32
匿名用户,​赞同,​添加评论,"本人一直觉得HPV是一种非常让人生气的疾病，总感觉是女性在为对方的草率买单，虽然有不小概率也并非如此....Anyway，说正事。疫苗研发和其他药物研发类似，需要在研发成果基础上过去临床试验数据，最终拿到CFDA许可，过程也是相当长。其实国内CFDA比美国FDA难拿多了！<img src=""https://pic3.zhimg.com/50/v2-d802d22656225ff5a1fb15a40b55a2d6_hd.jpg"" data-rawwidth=""1123"" data-rawheight=""1079"" data-size=""normal"" data-default-watermark-src=""https://pic1.zhimg.com/50/v2-4d215345a37565ddc3e05f4c65a70d27_hd.jpg"" class=""origin_image zh-lightbox-thumb"" width=""1123"" data-original=""https://pic3.zhimg.com/v2-d802d22656225ff5a1fb15a40b55a2d6_r.jpg""/>国内版的推出好处颇多：扩大接种范围，对于高危HPV亚型的传播有很大抑制作用；缓解供需不平衡，供给严重不足啊目前，你去看看疫苗接种预约时间就知道了...国产疫苗有针对9-15岁孩子的方案，进一步保护到国外疫苗无法覆盖到的人群。其实这个阶段接种比成年后有用太多了.....你们懂 有娃的家长！请关注！<img src=""https://pic3.zhimg.com/50/v2-17be0901293f2ec8e9cc46e26578c90b_hd.jpg"" data-rawwidth=""1125"" data-rawheight=""1180"" data-size=""normal"" data-default-watermark-src=""https://pic2.zhimg.com/50/v2-e4af626a0fee66069510d401700c6fc8_hd.jpg"" class=""origin_image zh-lightbox-thumb"" width=""1125"" data-original=""https://pic3.zhimg.com/v2-17be0901293f2ec8e9cc46e26578c90b_r.jpg""/>消除宫颈癌！",发布于昨天 23:54
匿名用户,​赞同,​添加评论,多少钱也不是重点，重点是“真的吗？”,发布于 13:27
匿名用户,​赞同,​2 条评论,祝贺！但是题目中这对比真是呵呵呵，拿九价比价格，比论文做算例还疯狂！,编辑于 13:26
匿名用户,​赞同,​7 条评论,真便宜，最好是每个人都要打。不然真感染了确实治疗起来蛮麻烦,发布于昨天 14:17
匿名用户,​赞同,​添加评论,在哪能打？怎么预约？,发布于昨天 19:13
匿名用户,​赞同,​添加评论,希望能快快约到！！,发布于昨天 18:22
匿名用户,​赞同,​1 条评论,2019年中旬小爱同学正在放新闻“进口HPV疫苗供不应求，国内尚无替代品，据了解，14-xx岁接种最佳”妹:“哥你去接种最佳耶，还能预防癌症”妈:“要不跟你去医院预约？”Σ(っ °Д °;)っ:“那玩意我打了也没用啊”,发布于昨天 20:59
匿名用户,​赞同,​3 条评论,广州这边，二价605元，是便宜一半……但是，有四价和九价在，二价有市场吗？二价长期有货,发布于昨天 18:29
匿名用户,​赞同,​添加评论,我觉得我是看好的，得空去问问我们这边怎么打这个针,发布于昨天 17:26
匿名用户,​赞同 5,​5 条评论,想知道有效期多久，副作用有哪些。,编辑于昨天 18:38
